ID,Name,Proponent,Project Type,AFOLU Activities,Methodology,Status,Country/Area,Estimated Annual Emission Reductions,Region,Project Registration Date,Crediting Period Start Date,Crediting Period End Date
5172,Project Akwaaba | Forest Ecosystem Restoration in Ghana,Rainforest Builder Ltd.,Renewable Energy,ARR,VM0047,Registered,United Kingdom,"4,965",Europe,10/02/2026,28/09/2023,27/09/2123
5085,Tond Tenga,Tree Aid,Manufacturing Industries,ARR,VM0047,Registered,United Kingdom,"92,592",Europe,04/04/2025,31/07/2023,30/07/2063
4888,OYU - Reforesting Uganda for a better tomorrow,OYU Green Private Limited,Waste Handling and Disposal,ARR,AR-ACM0003,Registered,United Kingdom,"379,891",Europe,23/01/2026,01/03/2021,28/02/2041
4883,Agroforestry Project of Cameroon,Multiple Proponents,Agriculture Forestry and Other Land Use,ARR,AR-ACM0003,Registered,United Kingdom,12,Europe,20/05/2025,18/04/2024,17/04/2064
4841,Ana Primavesi – Sustainable Farming and Restoration Program,Ubá Sustainability Institute,Energy Demand,ARR,AR-ACM0003,Registered,United Kingdom,"10,870",Europe,21/07/2025,21/12/2022,20/12/2057
4835,eAgronom sustainable farming in Central and Eastern Europe,eAgronom OÜ,Carbon Capture and Storage,ALM,VM0042,Registered,United Kingdom,"285,114",Europe,14/01/2026,12/07/2021,11/07/2041
4811,Panna Afforestation and Reforestation Project,CLIMATE IMPACT PARTNERS (PROJECT PANNA) LIMITED,Agriculture Forestry and Other Land Use,ARR,VM0047,Registered,United Kingdom,"3,968",Europe,17/02/2026,23/07/2023,22/07/2053
4796,CACHOEIRA PORTEIRA CONSERVATION PROJECT,Multiple Proponents,Manufacturing Industries,IFM,VM0010,Verification approval requested,United Kingdom,"567,544",Europe,03/07/2025,07/11/2022,06/11/2052
4788,Rizome Kawayan Project 1,Multiple Proponents,Chemical Industry,ARR,VM0047,Registered,United Kingdom,"26,459",Europe,05/08/2025,01/03/2022,28/02/2042
4763,Mixed afforestation with native and non-native species in Argentina-I,Cambium Earth S.L.,Chemical Industry,ARR,AR-ACM0003,Registered,United Kingdom,"27,594",Europe,02/02/2026,01/09/2022,31/08/2062
4739,Land Life Reforestation and Restoration of Degraded Land in Spain - B,Land Life Company B.V.,Renewable Energy,ARR,AR-ACM0003,Registered,United Kingdom,"1,990",Europe,23/01/2026,12/10/2020,11/10/2120
4732,"NatureRe assisted natural regeneration project in degraded lands in Antioquia, Colombia",Multiple Proponents,Manufacturing Industries,ARR,AR-ACM0003,Registered,United Kingdom,"37,467",Europe,23/04/2025,01/10/2022,30/09/2062
4709,Strengthening rural livelihood through carbon finance: Agroforestry practices in Gorakhpur Forest Circle of Uttar Pradesh,"Department of Environment, Forest and Climate Change, Government of Uttar Pradesh",Carbon Capture and Storage,ARR,AR-AMS0007,Registered,United Kingdom,"36,813",Europe,20/02/2026,20/07/2021,19/07/2061
4627,"Trees for Livelihood in Madhya Pradesh, India",Value Network Ventures PTE. LTD.,Energy Demand,ARR,AR-ACM0003,Registered,United Kingdom,"3,864",Europe,22/07/2025,28/06/2023,27/06/2043
4598,Enhancing Livelihoods of Farmers in Gujarat through Agroforestry Plantations by SHBVM,Multiple Proponents,Renewable Energy,ARR,AR-AMS0007,Registered,United Kingdom,"6,465",Europe,24/10/2025,01/08/2020,31/07/2060
4592,Symbiosis Continuous Cover Forest Project,SYMBIOSIS INVESTIMENTOS E PARTICIPACOES S.A.,Renewable Energy,ARR,AR-ACM0003,Registered,United Kingdom,"687,480",Europe,23/01/2025,03/09/2020,02/09/2060
4513,Argentina Gran Chaco Region REDD+ Project,Vista Energy Argentina SAU,Waste Handling and Disposal,REDD,VM0007,Registered,United Kingdom,"33,035",Europe,03/02/2026,21/12/2022,20/12/2062
4511,Silvador Climate Action,Multiple Proponents,Manufacturing Industries,IFM,VM0012,Verification approval requested,United Kingdom,"11,096",Europe,02/12/2024,01/08/2020,31/07/2060
4475,Kijani Forestry smallholder farmer forestry project,Multiple Proponents,Carbon Capture and Storage,ARR,AR-ACM0003,Registered,United Kingdom,"316,293",Europe,18/09/2025,22/08/2022,21/08/2062
4448,Raízes do Bem Grouped ARR Project,Multiple Proponents,Renewable Energy,ARR,AR-AMS0007,Registered,United Kingdom,204,Europe,01/12/2025,04/11/2020,03/11/2080
4429,Management of Community Forests for the Reduction of Deforestation in the Peruvian Amazon,Multiple Proponents,Chemical Industry,REDD,VM0015,Verification approval requested,United Kingdom,"1,039,475",Europe,21/02/2025,01/07/2021,30/06/2041
4430,Reflorestamento de Impacto no Brasil Project,Multiple Proponents,Manufacturing Industries,ARR,AR-ACM0003,Registered,United Kingdom,239,Europe,09/01/2025,01/01/2023,31/12/2062
4408,Lake Victoria Watershed Agroforestry Carbon Project,Trees for the Future Inc.,Renewable Energy,ALM,VM0042,Registered,United Kingdom,"530,328",Europe,15/12/2025,01/09/2020,31/08/2060
4394,Jatobá REDD+ Project,Multiple Proponents,Agriculture Forestry and Other Land Use,REDD,VM0007,Verification approval requested,United Kingdom,"187,491",Europe,11/07/2025,27/07/2022,26/07/2062
4304,Transformational Regenerative Integrated Biodiverse Agriculture for Livelihoods (TRIBAL),Archipel India Foundation,Transport,ALM,VM0017,Registered,United Kingdom,"219,473",Europe,22/12/2025,27/06/2023,26/06/2043
4306,Regenerative Agriculture with small holder farming communities of Bangladesh,Multiple Proponents,Energy Demand,ALM,VM0017,Registered,United Kingdom,"26,809",Europe,23/12/2025,11/06/2022,10/06/2042
4300,PROJECT TOURBA - ADOPTION OF IMPROVED AGRICULTURAL PRACTICES TOWARDS CARBON FARMING IN MOROCCO,Innov X,Transport,ALM,VM0017,Registered,United Kingdom,"1,808,055",Europe,26/02/2026,31/10/2023,30/10/2033
4285,Leveraging carbon finance for smallholder farmers in India,Value Network Ventures Advisory Services PTE. LTD,Renewable Energy,ALM,VM0017,Registered,United Kingdom,"8,030",Europe,23/12/2025,27/05/2023,26/05/2043
4268,Family Forest Carbon Project,Forest Carbon Works PBC,Waste Handling and Disposal,IFM,VM0003,Verification approval requested,United Kingdom,"845,991",Europe,01/02/2024,14/07/2020,13/07/2045
4259,"Strengthening capacity through regenerative solutions for native sugarcane farmers in Maharashtra, India",Multiple Proponents,Transport,ALM,VM0017,Registered,United Kingdom,"24,982",Europe,23/10/2025,01/06/2022,31/05/2042
4243,"Afforestation project with native and exotic species on degraded grasslands in Northeast, Argentina.",Vista Energy Argentina SAU,Manufacturing Industries,ARR,AR-ACM0003,Registered,United Kingdom,"18,012",Europe,20/12/2024,07/07/2022,06/07/2062
4176,Greenzone Reforestation Project,Multiple Proponents,Waste Handling and Disposal,ARR,AR-ACM0003,Registered,United Kingdom,35,Europe,16/12/2024,01/01/2023,31/12/2062
4137,Productive Second Floor with Macaúba,INOCAS,Chemical Industry,ARR,AR-AMS0007,Registered,United Kingdom,"5,212",Europe,25/06/2025,03/11/2021,02/11/2061
4143,Urupianga Grouped REDD Project,Multiple Proponents,Waste Handling and Disposal,REDD,VM0015,Registered,United Kingdom,"88,272",Europe,26/05/2025,26/01/2021,25/01/2051
4118,Ground-Truth Australian Orchards,Carbon Friendly Pty Ltd.,Chemical Industry,ALM,VM0042,Registered,United Kingdom,"850,073",Europe,19/08/2025,01/02/2020,31/01/2040
4126,Community Restoration of Native Ecosystems in Ghana,Multiple Proponents,Agriculture Forestry and Other Land Use,ARR,AR-ACM0003,Registered,United Kingdom,92,Europe,25/06/2024,31/01/2023,30/01/2063
4102,Damao Banner Sustainable Grassland Management Project,"Damao Banner Eco-Construction Investment Co., Ltd.",Transport,ALM,VM0026,On Hold - see notification letter,United Kingdom,"326,639",Europe,11/09/2024,24/06/2020,23/06/2060
4094,Curuá Grouped REDD+ Project,Multiple Proponents,Agriculture Forestry and Other Land Use,REDD,VM0015,Registered,United Kingdom,"73,615",Europe,28/10/2025,05/12/2022,04/12/2062
4090,Goldbeck Forest Carbon Project,Aurum Sustainable Forest Inc.,Chemical Industry,IFM,VM0003,Registered,United Kingdom,"12,871",Europe,29/01/2025,01/01/2022,31/12/2071
4072,Fazenda Boa Vista afforestation project,CARBON CREDITS CONSULTING S.R.L.,Energy Demand,ARR,AR-ACM0003,Registered,United Kingdom,"21,424",Europe,25/11/2024,23/01/2020,22/01/2040
4047,CLIMATE SUSTAINABILITY THROUGH HORTICULTURE PROJECT IN INDIA,Tata Communications Limited,Energy Demand,ARR,AR-AMS0007,Registered,United Kingdom,"5,645",Europe,12/06/2025,01/04/2022,31/03/2122
4042,Cauaxi REDD+ Grouped Project,BRCARBON SERVICOS AMBIENTAIS LTDA,Renewable Energy,REDD,VM0015,Registered,United Kingdom,"190,881",Europe,26/12/2025,02/05/2022,01/05/2122
4031,Agroforestry Plantation of ITC Limited In Selected Regions of North India,ITC Limited,Carbon Capture and Storage,ARR,AR-AMS0007,Registered,United Kingdom,759,Europe,09/02/2026,28/12/2019,27/12/2059
4025,"Strengthening rural livelihoods of smallholder farmers in tribal districts of Odisha,India",Multiple Proponents,Energy Demand,ARR,AR-ACM0003,Registered,United Kingdom,"159,512",Europe,24/04/2025,01/06/2020,31/05/2050
4022,AgreenaCarbon Project,Agreena ApS,Waste Handling and Disposal,ALM,VM0042,Registered,United Kingdom,"3,022,435",Europe,16/01/2025,15/09/2021,14/09/2041
4016,Amazon Biome Conservancy Grouped REDD+ Project,Systemica Inteligência em Sustentabilidade S.A.,Manufacturing Industries,REDD,VM0007,Registered,United Kingdom,"97,926",Europe,03/09/2025,29/11/2022,28/11/2052
4004,The Native Ecosystem Restoration in Nicaragua Project,Multiple Proponents,Carbon Capture and Storage,ARR,AR-ACM0003,Registered,United Kingdom,164,Europe,22/01/2025,11/07/2022,10/07/2062
3996,Family Forest Carbon Program - Central Appalachia,Family Forest Impact Foundation,Chemical Industry,IFM,VM0045,Registered,United Kingdom,"231,124",Europe,20/11/2025,06/07/2021,05/07/2041
3973,"involtor Future Agriculture, East-Europe",Involtor AgriCarbon LLC,Energy Demand,ALM,VM0042,On Hold - see notification letter,United Kingdom,"16,000",Europe,20/01/2025,01/12/2019,30/11/2049
3970,Carbon In Flavor and Arome Forests (C-BOSAR),Multiple Proponents,Renewable Energy,ARR,AR-ACM0003,Registered,United Kingdom,"10,247",Europe,09/05/2024,02/09/2022,01/09/2072
3960,Belize Maya Forest REDD+ Project,The Nature Conservancy,Agriculture Forestry and Other Land Use,REDD,VM0007,Verification approval requested,United Kingdom,"736,688",Europe,14/11/2024,10/12/2020,09/12/2060
3892,RESTORATION OF HOMESTEAD LAND OF POOR RURAL COMMUNITIES IN ASSAM & MEGHALAYA,Multiple Proponents,Agriculture Forestry and Other Land Use,ALM; ARR,AR-ACM0003,Registered,United Kingdom,"170,282",Europe,21/08/2024,01/01/2024,31/12/2043
3813,MOTOR VERDE FORESTRY CARBON PROJECT - GRANDAS DE SALIME (SPAIN),Multiple Proponents,Manufacturing Industries,ARR,AR-ACM0003,Registered,United Kingdom,"1,449",Europe,14/01/2025,09/01/2022,08/01/2072
3814,Chestnut Carbon Conservation Project,Forest Carbon Works PBC,Carbon Capture and Storage,IFM,VM0003,Registered,United Kingdom,"221,312",Europe,15/12/2023,05/07/2022,04/07/2047
3812,Painted Forest Carbon Project,Perimeter Forest Limited Partnership,Agriculture Forestry and Other Land Use,IFM,VM0012,Registered,United Kingdom,"94,169",Europe,16/10/2025,02/09/2021,01/09/2121
3774,Boomitra Carbon Farming in East Africa through Soil Enrichment,Boomitra Inc,Manufacturing Industries,ALM,VM0042,Registered,United Kingdom,"1,249,417",Europe,07/05/2025,01/10/2019,30/09/2039
3786,Silvopastoral carbon project of Uruguay,Multiple Proponents,Waste Handling and Disposal,ARR,AR-ACM0003,Registered,United Kingdom,405,Europe,01/09/2025,28/10/2019,27/10/2119
3772,RE.GREEN AMAZON FOREST REFORESTATION/RESTORATION PROJECT,Re.Green Participações S.A.,Carbon Capture and Storage,ARR,AR-ACM0003,Registered,United Kingdom,"978,010",Europe,17/09/2025,15/10/2022,14/10/2122
3746,NaturAll Carbon Program – Conservation Agriculture and Land Management in Brazil,NaturAll Carbon Limited,Carbon Capture and Storage,ALM,VM0042,Registered,United Kingdom,"1,562,585",Europe,26/05/2025,02/11/2019,01/11/2039
3743,RE.GREEN ATLANTIC FOREST REFORESTATION/RESTORATION PROJECT,Re.Green Participações S.A.,Carbon Capture and Storage,ARR,AR-ACM0003,Verification approval requested,United Kingdom,"487,419",Europe,09/01/2025,04/10/2022,03/10/2122
3738,Triunfo do Xingu Grouped REDD+ Project,Systemica Inteligência em Sustentabilidade S.A.,Waste Handling and Disposal,REDD,VM0015; VM0048,Registered,United Kingdom,"110,887",Europe,15/09/2025,31/08/2022,30/08/2052
3739,Selva de Urundel REDD+ Project,CARBON CREDITS CONSULTING S.R.L.,Manufacturing Industries,REDD,VM0015,Registered,United Kingdom,"317,475",Europe,06/12/2024,11/01/2021,10/01/2051
3727,Corridors for Life ARR Grouped Project,IPE - Instituto de Pesquisas Ecológicas,Transport,ARR,AR-ACM0003,Registered,United Kingdom,"584,276",Europe,19/03/2024,06/12/2021,05/12/2071
3677,Ecobase Europe Afforestation Project,ECOBASE (PROJECT SPRUCE OÜ),Carbon Capture and Storage,ARR,AR-ACM0003,Verification approval requested,United Kingdom,"1,547,919",Europe,31/10/2024,30/09/2019,29/09/2119
3669,Western Kenya Soil Carbon Project,Soil-Carbon Certification Services,Transport,ALM,VM0017,Registered,United Kingdom,"179,643",Europe,14/03/2025,06/10/2019,05/10/2039
3661,Strengthening Rural Livelihood Through Carbon Finance: Agroforestry Practices In Moradabad Forest Circle Of Uttar Pradesh,"Department of Environment, Forest and Climate Change, Government of Uttar Pradesh",Energy Demand,ARR,AR-AMS0007,Registered,United Kingdom,148,Europe,19/01/2026,15/10/2019,14/10/2059
3660,Papariko - Restoration of Degraded Mangrove Areas in Kenya,Vlinder Austria GmbH,Chemical Industry,ARR; WRC,AR-AM0014,Registered,United Kingdom,"30,389",Europe,14/02/2025,26/05/2022,25/05/2052
3655,Sustainable Paddy Program,AgriCapita Innotech Private Limited,Chemical Industry,ALM,AMS-III.AU,Registered,United Kingdom,"54,252",Europe,02/05/2025,01/07/2022,30/06/2032
3656,Agoro Carbon USA Pastureland Program,Agoro Carbon Alliance US Inc.,Manufacturing Industries,ALM,VM0042,Registered,United Kingdom,"449,980",Europe,09/12/2025,01/09/2021,31/08/2041
3632,"Eastern Cape Bamboo Forestry Project, South Africa","EcoPlanet Bamboo Group, LLC",Manufacturing Industries,ARR,AR-ACM0003,Registered,United Kingdom,"272,471",Europe,01/10/2025,01/10/2023,30/09/2053
3634,Agoro Carbon USA Cropland Program,Agoro Carbon Alliance US Inc.,Chemical Industry,ALM,VM0042,Registered,United Kingdom,"306,507",Europe,21/11/2025,20/05/2021,19/05/2041
3630,Selva Paranaense Vida Nativa - GS1,NIDEPORT SOCIEDAD ANONIMA,Energy Demand,IFM,VM0005,Verification approval requested,United Kingdom,"151,631",Europe,10/10/2025,15/12/2021,14/12/2121
3627,"Eastern Cape Restoration Project, South Africa - Makhanda","EcoPlanet Bamboo Group, LLC",Energy Demand,ARR,AR-ACM0003,Registered,United Kingdom,"157,919",Europe,18/08/2025,01/10/2022,30/09/2062
3628,"Eastern Cape Restoration Project, South Africa - Somerset East","EcoPlanet Bamboo Group, LLC",Renewable Energy,ARR,AR-ACM0003,Registered,United Kingdom,"218,083",Europe,14/02/2025,01/10/2023,30/09/2063
3623,Bugnavilla Afforestation Through High-Quality Timber Over Degraded Grasslands,Bugnavilla SAS,Carbon Capture and Storage,ARR,AR-ACM0003,Registered,United Kingdom,"4,017",Europe,21/02/2025,21/03/2023,20/03/2123
3601,CAAPII REDD+ PROJECT,Multiple Proponents,Manufacturing Industries,REDD,VM0015,Registered,United Kingdom,"228,338",Europe,07/11/2025,25/07/2019,24/07/2049
3602,Udzungwa Corridor Reforestation,Udzungwa Corridor Limited,Waste Handling and Disposal,ARR,AR-ACM0003,Registered,United Kingdom,"178,047",Europe,20/11/2023,03/02/2022,02/02/2052
3549,Community Based Forest Plantation in India,Greenovation Sustainability Solutions Private Limited,Carbon Capture and Storage,ARR,AR-ACM0003,Registered,United Kingdom,"28,717",Europe,25/02/2026,03/07/2018,02/07/2048
3553,COMMUNITY PARTICIPATIVE FORESTRY/AGROFORESTRY DEVELOPMENT PROJECT IN INDIA,Indian Farm Forestry Development Co-operative Ltd.,Chemical Industry,ARR,AR-AMS0007,Registered,United Kingdom,"10,371",Europe,21/03/2025,01/07/2015,30/06/2035
3555,Agroforestry Plantations in the Country by Greenply,Greenply Industries Limited (GIL),Carbon Capture and Storage,ARR,AR-ACM0003,Registered,United Kingdom,"13,303",Europe,10/02/2026,15/06/2018,14/06/2048
3560,Improving livelihoods through Agroforestry Plantations in India,Infinite Environmental Solutions Limited,Renewable Energy,ARR,AR-ACM0003,Registered,United Kingdom,"5,990",Europe,13/02/2026,01/03/2018,29/02/2048
3562,Agroforestry plantations in India,Shivbhadra Agro Private LTD,Energy Demand,ARR,AR-ACM0003,Registered,United Kingdom,"8,947",Europe,03/12/2025,18/06/2018,17/06/2048
3570,Bamboo plantations by farmers and community in the country,Infinite Environmental Solutions Limited,Energy Demand,ARR,AR-ACM0003,Registered,United Kingdom,"10,077",Europe,11/12/2025,09/07/2019,08/07/2049
3590,Jutaituba REDD+ Project,Multiple Proponents,Waste Handling and Disposal,REDD,VM0015,Registered,United Kingdom,"600,694",Europe,20/11/2025,26/10/2020,25/10/2060
3432,South American Regenerative Agriculture through Regenerative Grazing (SARA) - AgriCarbon,Multiple Proponents,Carbon Capture and Storage,ALM,VM0042,Registered,United Kingdom,"813,484",Europe,12/05/2025,01/10/2019,30/09/2119
3450,"Sustainable Agroforestry Cacao Meta, Colombia",Multiple Proponents,Carbon Capture and Storage,ARR,AR-ACM0003,Registered,United Kingdom,"8,405",Europe,04/08/2025,06/07/2017,05/07/2057
3425,Kwamisa/Other reserves community Forest Project,Multiple Proponents,Transport,ARR,AR-ACM0003,Registered,United Kingdom,"42,252",Europe,06/01/2026,01/05/2019,30/04/2059
3430,Juruá REDD+ Project,Multiple Proponents,Energy Demand,REDD,VM0015,Registered,United Kingdom,"13,798",Europe,04/08/2025,31/07/2020,30/07/2050
3397,Kruger to Canyons Rangeland Restoration Project,Conservation South Africa,Agriculture Forestry and Other Land Use,ALM,VM0032,Verification approval requested,United Kingdom,"115,281",Europe,13/08/2025,04/12/2018,03/12/2048
3363,Westphalen Forest Carbon Project,Matthias Graf von Westphalen,Transport,IFM,VM0012,Registered,United Kingdom,"7,049",Europe,01/03/2024,01/01/2018,31/12/2057
3368,Orizon CarbonCrop Rewards Programme,Orizon Agriculture (Pty) Ltd,Chemical Industry,ALM,VM0042,Registered,United Kingdom,"100,000",Europe,29/08/2025,01/08/2018,31/07/2043
3360,Developing climate resilience of the coastal communities of Sundarbans through Mangrove Afforestation,Multiple Proponents,Carbon Capture and Storage,ARR; WRC,AR-AM0014,Registered,United Kingdom,"29,782",Europe,15/01/2025,28/08/2021,27/08/2041
3361,Participatory Mangrove Afforestation & Restoration in the west coast of India,Multiple Proponents,Chemical Industry,ARR; WRC,AR-AM0014,Registered,United Kingdom,"9,003",Europe,24/01/2025,14/05/2022,13/05/2122
3357,Climate Resilient & Community Driven Mangrove Afforestation Programme,Multiple Proponents,Waste Handling and Disposal,ARR; WRC,AR-AM0014,Registered,United Kingdom,"45,484",Europe,28/01/2025,21/09/2021,20/09/2041
3350,THE ARR HORIZONTE CARBON PROJECT,Suzano SA,Chemical Industry,ARR,AR-ACM0003,Verification approval requested,United Kingdom,"86,995",Europe,30/03/2023,02/11/2017,01/11/2052
3340,Boomitra Grassland Restoration in East Africa Through Soil Enrichment,Boomitra Inc,Manufacturing Industries,ALM,VM0042,Registered,United Kingdom,"707,193",Europe,19/08/2025,04/01/2019,03/01/2039
3342,XiCO2e: Mexican Reforestation Project,Multiple Proponents,Energy Demand,ARR,AR-ACM0003,Registered,United Kingdom,"3,726",Europe,14/02/2025,11/01/2017,10/01/2047
3321,Mount Kenya Regenerative Agroforestry Project,Multiple Proponents,Transport,ARR,AR-ACM0003,Registered,United Kingdom,7,Europe,30/10/2024,01/01/2023,31/12/2062
3319,Tibet Ngari Improved Grassland Management Project,National Forestry and Grassland Administration Northwest Investigation and Planning Institute,Renewable Energy,ALM,VM0026,On Hold - see notification letter,United Kingdom,"292,460",Europe,19/01/2024,02/06/2018,01/06/2058
3299,Grouped Project Serra do Sudeste,The Green Branch,Waste Handling and Disposal,ARR,AR-ACM0003,On Hold - see notification letter,United Kingdom,"14,560",Europe,30/08/2024,05/10/2021,04/10/2051
3291,Boomitra Grassland Restoration in the Temperate Grasslands of South America Through Soil Enrichment,Boomitra Inc,Waste Handling and Disposal,ALM,VM0042,Verification approval requested,United Kingdom,"2,418,650",Europe,18/06/2025,04/09/2019,03/09/2039
3280,Carpathia Forest Carbon Project,Fundatia Conservation Carpathia,Carbon Capture and Storage,IFM,VM0012,Verification approval requested,United Kingdom,"50,224",Europe,24/12/2024,09/08/2017,08/08/2057
3243,Core Carbon Sustainable Rice Productions 01,Core CarbonX Solutions Private Limited,Chemical Industry,ALM,VM0051,Verification approval requested,United Kingdom,"1,375",Europe,10/02/2025,03/07/2022,02/07/2029
3238,Core Carbon Sustainable Rice Productions,Core CarbonX Solutions Private Limited,Agriculture Forestry and Other Land Use,ALM,AMS-III.AU,Verification approval requested,United Kingdom,"4,740",Europe,10/02/2025,01/07/2022,30/06/2029
3223,CONSERVATION AND RESTORATION OF THE MANGROVE ECOSYSTEM IN THE GAMBIA THROUGH THE REDD+ MECHANISM,Multiple Proponents,Carbon Capture and Storage,ARR; WRC,VM0007,Registered,United Kingdom,"110,002",Europe,29/01/2025,09/04/2022,08/04/2052
3211,BISIGNANO AND MESORACA PROJECT OF AFFORESTATION OF THE AGRICULTURAL COMPANY GAIA SRL BAMBOO PLANTS,GAIA s.r.l. Societa Agricola,Chemical Industry,ARR,AR-ACM0003,Registered,United Kingdom,"48,643",Europe,14/01/2026,07/04/2022,06/04/2064
3208,Wheatbelt Biodiversity Carbon Credit Project,Decarbonology Pty Ltd,Waste Handling and Disposal,ARR,AR-ACM0003,Registered,United Kingdom,"2,205",Europe,03/06/2024,27/07/2022,26/07/2047
3166,ReforesTerra Grouped Project,ReforesTerra – Restauração de Ecossistemas Florestais Ltda,Waste Handling and Disposal,ARR,AR-ACM0003,Registered,United Kingdom,"24,516",Europe,27/05/2025,13/01/2023,12/01/2053
3115,Sustainable agricultural practices for carbon sequestration by Organic and Natural farming groups,Multiple Proponents,Chemical Industry,ALM,VM0017,Registered,United Kingdom,"686,959",Europe,26/09/2025,01/10/2017,30/09/2042
3072,Rwanda Riparian Restoration Project,"EcoPlanet Bamboo Group, LLC",Waste Handling and Disposal,ARR,AR-ACM0003,Registered,United Kingdom,"51,964",Europe,27/12/2023,01/10/2022,30/09/2042
3049,Rio Preto Grouped REDD+ Project,Future Climate Ltd,Energy Demand,REDD,VM0015,Registered,United Kingdom,"2,925",Europe,22/07/2025,29/05/2019,28/05/2049
3018,BigCoast Forest Climate Initiative,Mosaic Forest Management Corporation,Waste Handling and Disposal,IFM,VM0012,Under validation,United Kingdom,"715,834",Europe,30/03/2023,01/01/2018,31/12/2057
3019,REGENERATING DEGRADED LANDS IN FLORIDA THROUGH PONGAMIA,Multiple Proponents,Renewable Energy,ARR,AR-AMS0007,Registered,United Kingdom,"4,133",Europe,07/01/2026,16/07/2018,15/07/2038
3014,Patagonia Region Improved Grazing Project,"Native, a Public Benefit Corporation",Agriculture Forestry and Other Land Use,ALM,VM0026,Registered,United Kingdom,"24,952",Europe,03/02/2025,01/04/2022,31/03/2042
3002,Hiwi REDD+ Project,Multiple Proponents,Agriculture Forestry and Other Land Use,REDD,VM0015,Verification approval requested,United Kingdom,"88,084",Europe,05/03/2024,31/08/2019,30/08/2049
2992,HG Afforestation Through High Quality Timber Over Degraded Grasslands,Pike Carbosur S.A.,Transport,ARR,AR-ACM0003,Registered,United Kingdom,"2,056",Europe,14/06/2023,20/10/2020,19/10/2120
2980,Feijó REDD+ Project,Multiple Proponents,Chemical Industry,REDD,VM0007; VM0015,Registered,United Kingdom,"238,463",Europe,10/10/2025,02/01/2019,01/01/2049
2971,OKA 2 PROJECT,Acacia Bateke Capital,Renewable Energy,ARR,AR-ACM0003,Registered,United Kingdom,"19,976",Europe,29/03/2024,01/08/2020,31/07/2053
2958,Lanao del Sur Bamboo Reforestation Project,"EcoPlanet Bamboo Group, LLC",Waste Handling and Disposal,ARR,AR-ACM0003,Registered,United Kingdom,"315,067",Europe,01/12/2023,01/06/2022,31/05/2042
2931,Grassland Restoration and Stewardship in South Africa (GRASS),Multiple Proponents,Transport,ALM,VM0042,Registered,United Kingdom,"639,503",Europe,20/09/2023,01/12/2021,30/11/2051
2928,"North Bandai Bamboo Reforestation Project, Ghana","EcoPlanet Bamboo Group, LLC",Renewable Energy,ARR,AR-ACM0003,Verification approval requested,United Kingdom,"107,907",Europe,15/03/2024,01/06/2021,31/05/2041
2929,"Bandai Hills Bamboo Reforestation Project, Ghana","EcoPlanet Bamboo Group, LLC",Manufacturing Industries,ARR,AR-ACM0003,Registered,United Kingdom,"188,926",Europe,15/03/2024,01/06/2022,31/05/2042
2910,Wude Adjusted Water Management in Rice Cultivation,"Hangzhou Chunmeng Agricultural Technology Co., Ltd",Energy Demand,ALM,AMS-III.AU,Rejected by Administrator,United Kingdom,"59,751",Europe,25/01/2023,15/06/2020,14/06/2027
2911,Adjusted Water Management in Rice Cultivation in Haiyan County,"Hangzhou Chunmeng Agricultural Technology Co., Ltd",Chemical Industry,ALM,AMS-III.AU,Rejected by Administrator,United Kingdom,"59,882",Europe,25/01/2023,10/06/2020,09/06/2027
2912,Adjusted Water Management in Rice Cultivation in Tongxiang City,"Hangzhou Chunmeng Agricultural Technology Co., Ltd",Waste Handling and Disposal,ALM,AMS-III.AU,Rejected by Administrator,United Kingdom,"59,863",Europe,25/01/2023,06/06/2020,05/06/2027
2897,Forest Conservation in Boumba-et-Ngoko,CarbonSinkGroup S.R.L.,Transport,IFM,VM0010,Registered,United Kingdom,"362,095",Europe,18/07/2023,01/01/2018,31/12/2037
2887,Boomitra Grassland Restoration in Northern Mexico,Boomitra Inc,Chemical Industry,ALM,VM0042,Registered,United Kingdom,"7,294,407",Europe,18/02/2025,04/09/2018,03/09/2038
2889,Boomitra Carbon Farming South of the Vindhyas,Boomitra Inc,Manufacturing Industries,ALM,VM0042,Registered,United Kingdom,"676,391",Europe,04/09/2025,01/03/2019,28/02/2039
2878,Rio Madeira Grouped REDD+ Project,Future Carbon International LLC,Chemical Industry,REDD,VM0015,Registered,United Kingdom,"917,817",Europe,30/04/2024,23/10/2019,22/10/2049
2852,Xinjiang Burqin Improved Grassland Management Project,Burqin Jinhua Urban Construction and Investment Co.Ltd.,Renewable Energy,ALM,VM0026,On Hold - see notification letter,United Kingdom,"271,847",Europe,02/06/2023,26/06/2017,25/06/2057
2833,Grouped Reforestation Project by Cropzone Agro Forestry Private Limited,CropZone Agro Forestry Private Limited,Renewable Energy,ARR,AR-ACM0003,Registered,United Kingdom,"10,673",Europe,12/09/2023,04/06/2017,03/06/2117
2834,"Mangrove Restoration Project with Sine Saloum and Casamance communities, Senegal",WeForest ASBL,Carbon Capture and Storage,ARR; WRC,AR-AM0014,Registered,United Kingdom,"49,249",Europe,21/08/2025,10/07/2020,09/07/2050
2792,Restoration of Degraded Mangroves and Sustainable Development in Myanmar,Worldview International Foundation,Waste Handling and Disposal,ARR,AR-AM0014,Verification approval requested,United Kingdom,"70,285",Europe,07/02/2024,01/09/2020,31/08/2040
2750,Saving Colombia's Cloud Forest,"Saving Nature, Inc.",Waste Handling and Disposal,ARR,AR-ACM0003,Registered,United Kingdom,"7,920",Europe,21/02/2025,01/01/2017,31/12/2056
2748,Zhangye Improved Grassland Management Project,Zhangye Academy of Forestry Sciences,Chemical Industry,ALM,VM0026,On Hold - see notification letter,United Kingdom,"736,006",Europe,03/11/2022,25/07/2017,24/07/2057
2745,Wuwei City Afforestation Project in Gansu Province,Multiple Proponents,Energy Demand,ARR,AR-ACM0003,On Hold - see notification letter,United Kingdom,"63,352",Europe,23/12/2022,20/09/2017,19/09/2077
2744,The Paraguayan Chaco Neem Reforestation Project,El Retiro S.A.,Agriculture Forestry and Other Land Use,ARR,AR-AMS0007,Registered,United Kingdom,"12,211",Europe,20/06/2024,18/05/2020,17/05/2050
2723,CONDOTO REDD+,Multiple Proponents,Agriculture Forestry and Other Land Use,REDD,VM0007,Verification approval requested,United Kingdom,"249,943",Europe,28/08/2023,08/01/2019,07/01/2049
2722,Inner Mongolia Alongshan Improved Forest Management Project,"Alongshan Forest Industry Co. LTD, China Inner Mongolia Forest Industry Group",Carbon Capture and Storage,IFM,VM0010,On Hold - see notification letter,United Kingdom,"341,879",Europe,09/02/2023,30/09/2016,29/09/2046
2710,"Soil carbon improvement Project through Grassland Management, in South Africa",WeAct Pty Ltd.,Carbon Capture and Storage,ALM,VM0026,Registered,United Kingdom,"254,936",Europe,13/06/2024,01/07/2018,30/06/2038
2709,Juruena River REDD+ Project,Beatris Tormena Fabris Gradela Ltda.,Agriculture Forestry and Other Land Use,REDD,VM0015,Registered,United Kingdom,"100,588",Europe,17/07/2025,12/11/2020,11/11/2050
2652,HENAN YIYANG AFFORESTATION PROJECT,"Guizhou Qianhe Carbon Technology Co., Ltd",Waste Handling and Disposal,ARR,AR-ACM0003,Withdrawn,United Kingdom,"281,673",Europe,19/09/2023,01/06/2017,31/05/2077
2647,Reforestation grouped project Norteak Nicaragua,Norteak Nicaragua S.A.,Agriculture Forestry and Other Land Use,ARR,AR-ACM0003,Registered,United Kingdom,"6,357",Europe,01/12/2022,17/06/2016,16/06/2046
2623,Komaza Smallholder Farmer Forestry Kenya,Komaza Group Inc.,Agriculture Forestry and Other Land Use,ARR,AR-AMS0007,Registered,United Kingdom,"286,630",Europe,08/11/2023,01/05/2017,30/04/2037
2619,Tombwe Smallholder Reforestation Project,Tombwe Processing Limited,Transport,ARR,AR-ACM0003,Registered,United Kingdom,"56,657",Europe,28/03/2024,01/10/2019,30/09/2049
2610,Unitán afforestation and reforestation of grazing lands project,UNITAN SAICA,Energy Demand,ARR,AR-ACM0003,Registered,United Kingdom,"7,468",Europe,05/12/2022,16/09/2016,15/09/2056
2611,CORAZÓN VERDE DEL CHACO PROJECT,Quadriz Paraguay S.A.,Waste Handling and Disposal,REDD,VM0007,Verification approval requested,United Kingdom,"1,272,472",Europe,21/03/2023,01/07/2020,30/06/2050
2609,KUAMUT RAINFOREST CONSERVATION PROJECT,Permian Malaysia SDN. BHD,Waste Handling and Disposal,IFM,VM0010,Registered,United Kingdom,"543,049",Europe,13/04/2023,11/12/2015,10/12/2045
2606,Fujian Qingliu IFM (conversion of logged to protected forest) Project,"Fujian Qingliu Forestry Co., Ltd.",Renewable Energy,IFM,VM0010,On Hold - see notification letter,United Kingdom,"101,521",Europe,16/05/2022,01/01/2017,31/12/2046
2590,REGENERATIVE AGRICULTURE IN RICE-WHEAT-MAIZE SYSTEM FOR INCOME GENERATION,Grow Indigo Private Ltd,Chemical Industry,ALM,VM0042,Registered,United Kingdom,"4,267,622",Europe,14/01/2026,06/05/2019,05/05/2119
2576,Montes del Este afforestation through high quality timber in degraded grasslands,Fideicomiso Financiero Forestal Montes del Este,Agriculture Forestry and Other Land Use,ARR,AR-ACM0003,Verification approval requested,United Kingdom,"38,000",Europe,14/06/2023,30/10/2016,29/10/2116
2566,The Serra do Amolar REDD+ Project,Instituto Homem Pantaneiro,Chemical Industry,REDD,VM0015,Registered,United Kingdom,"90,592",Europe,21/04/2023,01/07/2016,30/06/2046
2565,Yunnan Qiubei Afforestation Project,Multiple Proponents,Transport,ARR,AR-ACM0003,On Hold - see notification letter,United Kingdom,"135,706",Europe,15/12/2022,01/06/2017,31/05/2077
2558,ABC Norte REDD Project,Multiple Proponents,Carbon Capture and Storage,REDD,VM0015,Verification approval requested,United Kingdom,"1,004,626",Europe,30/01/2023,13/09/2017,12/09/2047
2556,Southern Paraguay Sustainable Afforestation Project,SAIFF HoldCo Ltd.,Renewable Energy,ARR,AR-ACM0003,Registered,United Kingdom,"170,514",Europe,08/05/2023,18/11/2016,17/11/2046
2555,"Improving rural livelihood through agroforestry practices in Punjab, India- II","Department of Forests and Wildlife Preservation, Punjab",Manufacturing Industries,ARR,AR-ACM0003,On Hold - see notification letter,United Kingdom,"1,571,328",Europe,29/04/2024,01/07/2017,30/06/2037
2554,CNG AgriCarbon Rewards Programme,Anthesis B.V.,Renewable Energy,ALM,VM0042,Registered,United Kingdom,"23,161",Europe,11/03/2025,04/07/2018,03/07/2068
2552,"Improving rural livelihood through agroforestry practices in Punjab, India- I","Department of Forests and Wildlife Preservation, Punjab",Carbon Capture and Storage,ARR,AR-ACM0003,On Hold - see notification letter,United Kingdom,"1,098,123",Europe,29/04/2024,01/07/2017,30/06/2037
2551,BRAZILIAN AMAZON APD GROUPED PROJECT,BRCARBON SERVICOS AMBIENTAIS LTDA,Carbon Capture and Storage,REDD,VM0007,Registered,United Kingdom,"812,538",Europe,10/11/2022,02/08/2021,01/08/2121
2547,ACAP Albania Vjosë-Nartë A/R project,Carbon Sink Group s.r.l.,Agriculture Forestry and Other Land Use,ARR,AR-ACM0003,Registered,United Kingdom,30,Europe,13/10/2022,19/01/2021,18/01/2041
2539,EVERGREEN REDD+ PROJECT,Multiple Proponents,Agriculture Forestry and Other Land Use,REDD,VM0007,On Hold - see notification letter,United Kingdom,"1,566,547",Europe,14/04/2022,25/11/2020,24/11/2050
2538,Pendjari and W-Benin National Parks REDD+ Project,African Parks Benin (A Branch of African Parks Network),Energy Demand,REDD,VM0009,Registered,United Kingdom,"228,923",Europe,05/10/2023,24/08/2017,23/08/2047
2532,Cumare carbon project,Reforestadora Cumare S.A.S.,Manufacturing Industries,ARR,AR-ACM0003,Registered,United Kingdom,"29,180",Europe,08/08/2022,01/11/2016,31/10/2116
2512,"AFFORESTATION OF DEGRADED GRASSLANDS IN VICHADA, COLOMBIA",Forest First Colombia S.A.S.,Renewable Energy,ARR,AR-ACM0003,Registered,United Kingdom,"139,489",Europe,25/05/2022,15/09/2016,14/09/2046
2510,"CHINKO CONSERVATION AREA REDD+ PROJECT, CENTRAL AFRICAN REPUBLIC",African Parks RCA,Manufacturing Industries,REDD,VM0009,Verification approval requested,United Kingdom,"398,553",Europe,28/11/2023,15/09/2016,14/09/2044
2508,UNITOR REDD+ PROJECT,Multiple Proponents,Transport,REDD,VM0015,On Hold - see notification letter,United Kingdom,"522,923",Europe,05/05/2022,26/04/2018,25/04/2048
2502,TAHUAMANU AMAZON REDD PROJECT,MADERERA RIO ACRE SAC,Transport,REDD,VM0006,Registered,United Kingdom,"1,575,108",Europe,14/11/2022,19/04/2017,18/04/2047
2498,Afforestation of degraded grasslands in Caazapa and Guairá,Miller Forest Investment AG,Chemical Industry,ARR,AR-ACM0003,Registered,United Kingdom,"204,819",Europe,14/01/2022,13/01/2016,12/01/2046
2496,IMPACT REFORESTATION IN THE CHACO PROJECT,Multiple Proponents,Transport,ARR,AR-ACM0003,Registered,United Kingdom,254,Europe,22/11/2023,01/01/2022,31/12/2051
2497,"TIST Program in Uganda, VCS-CCB 011",Clean Air Action Corporation,Agriculture Forestry and Other Land Use,ARR,AR-ACM0003,Registered,United Kingdom,"121,978",Europe,20/06/2024,16/12/2003,15/12/2063
2485,Agri-SMART: Sustaining a resilient and inclusive development in Zambezia,Carbon Sink Group s.r.l.,Renewable Energy,ALM,VM0017,Registered,United Kingdom,163,Europe,12/06/2023,10/12/2020,09/12/2040
2483,Tavolo Community Forest Conservation Project,FORCERT Limited,Agriculture Forestry and Other Land Use,REDD,VM0007,Registered,United Kingdom,"54,532",Europe,04/07/2025,23/01/2019,22/01/2049
2479,Mahogany Plantation in India,Mahogani Vishwa Agro Pvt Ltd,Renewable Energy,ARR,AR-ACM0003,Registered,United Kingdom,"8,446",Europe,20/11/2023,28/06/2019,27/06/2049
2481,Generation Forest Group Project,"Futuro Forestal, S.A.",Manufacturing Industries,ARR,AR-ACM0003,Registered,United Kingdom,"27,000",Europe,17/03/2022,15/08/2016,14/08/2116
2471,Agroforestry and reforestation with small-scale farmers in Uganda,The PURE PROJECT SAS,Renewable Energy,ARR,AR-AMS0007,Registered,United Kingdom,"1,214",Europe,26/07/2023,13/04/2016,12/04/2051
2469,Afforestation and restoration of degraded forests in Eastern Paraguay or Forestal Azul Carbon Project,Forestal Azul S.A.,Waste Handling and Disposal,ARR,AR-ACM0003,Registered,United Kingdom,"14,248",Europe,15/03/2023,01/06/2018,31/05/2028
2465,Avoided Conversion Cerrado,ERA Assessoria e Projetos Ambientais e Agricolas Ltd.,Renewable Energy,ACoGS,VM0009,Verification approval requested,United Kingdom,"100,000",Europe,19/12/2022,02/02/2017,01/02/2117
2459,NAYA REDD+,Multiple Proponents,Chemical Industry,REDD,VM0007,Rejected by Administrator,United Kingdom,"307,252",Europe,02/01/2024,26/11/2015,25/11/2035
2458,Guoluo Grassland Sustainable Management Project,"Qinghai Guanglv Landscaping Co., Ltd.",Transport,ARR,VM0026,On Hold - see notification letter,United Kingdom,"456,953",Europe,18/12/2021,20/06/2016,19/06/2056
2451,Shanxi Loufan Afforestation Project,Loufan County Forestry Workstation,Renewable Energy,ARR,AR-ACM0003,On Hold - see notification letter,United Kingdom,"163,968",Europe,01/12/2021,30/09/2016,29/09/2076
2418,Gansu Lanzhou Afforestation Project,Lanzhou Landscaping And Greening Service Center,Carbon Capture and Storage,ARR,AR-ACM0003,On Hold - see notification letter,United Kingdom,"117,640",Europe,23/12/2021,13/09/2016,12/09/2076
2413,Zhangjiakou Zhangbei County 2017 Afforestation Project,"Zhangjiakou Sailin Landscaping Co., Ltd.",Agriculture Forestry and Other Land Use,ARR,AR-ACM0003,On Hold - see notification letter,United Kingdom,"145,879",Europe,06/03/2023,12/05/2017,11/05/2037
2412,Mindanao Tree Planting Program for our Climate and Communities (MinTrees),Multiple Proponents,Waste Handling and Disposal,ARR,AR-ACM0003,Registered,United Kingdom,"33,015",Europe,28/09/2022,15/03/2015,14/03/2065
2411,Bosques del Uruguay II (BDU II) Afforestation through High Quality Timber in Grasslands Project,AGRO EMPRESA FORESTAL SA,Carbon Capture and Storage,ARR,AR-ACM0003,Registered,United Kingdom,"4,066",Europe,14/10/2021,25/03/2016,24/03/2076
2410,"REFORESTATION OF DEGRADED FOREST RESERVE AREAS IN GHANA, WEST AFRICA",Miro Forestry Developments Limited,Chemical Industry,ARR,AR-ACM0003,Verification approval requested,United Kingdom,"46,229",Europe,01/03/2022,24/03/2016,23/03/2046
2408,Baoxing Afforestation Project,Sichuan Jiajinshan Forestry Bureau,Energy Demand,ARR,AR-ACM0003,Withdrawn,United Kingdom,"156,954",Europe,07/01/2022,01/09/2016,31/08/2043
2405,Gansu Dingxi Afforestation Project,Dingxi City Chankou Forestry Proving Ground,Chemical Industry,ARR; IFM,AR-ACM0003,On Hold - see notification letter,United Kingdom,"706,810",Europe,29/11/2021,22/09/2016,21/09/2076
2403,Riau Ecosystem Restoration Carbon Project,Multiple Proponents,Manufacturing Industries,REDD; WRC,VM0007,Verification approval requested,United Kingdom,"6,870,411",Europe,20/10/2021,17/06/2016,16/06/2073
2404,Reforestation of degraded land by MTPL in India,Mangalam Timber Unit of Mangalam Cement Limited,Agriculture Forestry and Other Land Use,ARR,AR-ACM0001,Registered,United Kingdom,"146,998",Europe,03/03/2022,25/06/2001,24/06/2031
2401,Reforestation of Degraded Lands in Sierra Leone,Miro Forestry Developments Limited,Renewable Energy,ARR,AR-AM0003,Verification approval requested,United Kingdom,"126,297",Europe,23/12/2021,16/05/2016,15/05/2046
2391,Gansu Tianshui Afforestation Project,Tianshui Forestry Science Institute,Renewable Energy,ARR,AR-ACM0003,On Hold - see notification letter,United Kingdom,"342,003",Europe,03/06/2022,21/09/2016,20/09/2076
2387,Liugui Afforestation Project,"Guangxi Baixin Agricultural Technology Co., Ltd.",Renewable Energy,ARR,AR-ACM0003,Withdrawn,United Kingdom,"878,138",Europe,02/09/2021,05/05/2016,04/05/2046
2386,Rotunda Forest Carbon Project,Global Forest Support GmbH,Agriculture Forestry and Other Land Use,IFM,VM0012,Registered,United Kingdom,"5,662",Europe,13/09/2021,01/01/2018,31/12/2047
2382,Niger Acacia Senegal Plantation Project,Achats Service International,Manufacturing Industries,ARR,AR-ACM0003,Registered,United Kingdom,"24,957",Europe,25/10/2021,21/12/2005,20/12/2035
2378,Miaoling Afforestation Project,"Guizhou Xinzhanxin Agricultural Technology Co., Ltd.",Transport,ARR,AR-ACM0003,Withdrawn,United Kingdom,"458,449",Europe,06/08/2021,20/04/2016,19/04/2046
2379,Huadu Afforestation Project,"Guizhou Xinzhanxin Agricultural Technology Co., Ltd.",Transport,ARR,AR-ACM0003,Withdrawn,United Kingdom,"702,405",Europe,05/11/2021,28/04/2016,27/04/2046
2375,Jilin Sanchazi Afforestation Project,"Jilin Forest Industry Environmental Technology Co., Ltd.",Waste Handling and Disposal,ARR,AR-ACM0003,On Hold - see notification letter,United Kingdom,"10,576",Europe,13/08/2021,15/08/2016,14/08/2076
2373,Yellow Ipê Grouped REDD Project,Ecológica Assessoria Ltda.,Renewable Energy,REDD,VM0015,Registered,United Kingdom,"540,179",Europe,14/12/2021,01/03/2020,28/02/2050
2369,Forestal Apepu Carbon Project,Forestal Apepu,Carbon Capture and Storage,ARR,AR-ACM0003,Registered,United Kingdom,"12,902",Europe,23/01/2023,28/06/2019,27/06/2039
2370,Zhangye City Afforestation Project in Gansu Province,Zhangye Academy of Forestry Sciences,Waste Handling and Disposal,ARR,AR-ACM0003,On Hold - see notification letter,United Kingdom,"238,392",Europe,13/08/2021,10/05/2016,09/05/2076
2367,"Afforestation in Eucalyptus and Acacia plantations for Burapha Agroforestry Co., Ltd.",Burapha Agroforestry Co. Ltd,Renewable Energy,ARR,AR-ACM0003,Registered,United Kingdom,"44,946",Europe,08/03/2023,31/05/2016,30/05/2036
2365,Integrated Project for Reforestation and Agroforestry on Degraded lands in Nicaragua,MLR Forestal de Nicaragua S.A.,Renewable Energy,ARR,AR-ACM0003,Registered,United Kingdom,"29,287",Europe,02/05/2022,01/07/2016,30/06/2056
2361,Afforestation in cooperation with local landowners for Forestal San Pedro S.A,Forestal San Pedro S.A.,Carbon Capture and Storage,ARR,AR-ACM0003,Registered,United Kingdom,"45,549",Europe,29/03/2022,05/04/2015,04/04/2035
2345,Green Gold Loreto 1,Green Gold Forestry Peru SA,Chemical Industry,IFM,VM0010,Registered,United Kingdom,"490,291",Europe,07/01/2022,01/08/2020,31/07/2040
2343,Zhanjiang Mangrove Afforestation Project,"Third Institute of Oceanography, Ministry of Natural Resources",Chemical Industry,ARR,AR-AM0014,On Hold - see notification letter,United Kingdom,"4,020",Europe,19/03/2021,30/04/2015,29/04/2055
2338,"TIST Program in Kenya, VCS-CCB 010",Clean Air Action Corporation,Waste Handling and Disposal,ARR,AR-AMS0007,Registered,United Kingdom,"93,619",Europe,23/09/2021,01/02/2015,31/01/2075
2339,"TIST Program in Uganda, VCS-CCB 010",Clean Air Action Corporation,Carbon Capture and Storage,ARR,AR-AMS0007,Registered,United Kingdom,"83,340",Europe,30/08/2021,01/02/2015,31/01/2075
2326,Guangxi Jinxiu IFM (conversion  of  logged  to  protected  forest)  Project,"Jinxiu Yao Autonomous County Zhengtong Asset Management Co., Ltd",Manufacturing Industries,IFM,VM0010,On Hold - see notification letter,United Kingdom,"58,501",Europe,12/07/2022,01/03/2016,29/02/2036
2327,Guangxi Huanjiang IFM (conversion of logged to protected forest) Project,"Huanjiang Maonan Autonomous County Huashan Forestry Investment Co., Ltd",Waste Handling and Disposal,IFM,VM0010,On Hold - see notification letter,United Kingdom,"53,992",Europe,28/07/2022,01/07/2016,30/06/2036
2324,COMMUNITY BASED AVOIDED DEFORESTATION PROJECT IN GUINEA-BISSAU - REDD,BioGuinea Foundation,Manufacturing Industries,REDD,VM0007,Late to verify,United Kingdom,"920,436",Europe,27/10/2020,31/03/2011,30/03/2031
2322,Monet Forest Conservation Project,Solifor Bloc Monet S.E.C.,Agriculture Forestry and Other Land Use,IFM,VM0012,Verification approval requested,United Kingdom,"7,552",Europe,03/09/2021,01/05/2016,30/04/2036
2319,"Agroforestry plantation Bateke Plateau, Republic of Congo",FRM Commitment,Carbon Capture and Storage,ARR,AR-ACM0003,Verification approval requested,United Kingdom,"36,102",Europe,07/03/2023,01/08/2018,31/07/2051
2317,REDD+ Project Magnolios de Yarumal,Multiple Proponents,Carbon Capture and Storage,REDD,VM0015,Registered,United Kingdom,"329,260",Europe,05/12/2023,23/02/2016,22/02/2036
2310,Anhuang Afforestation Project,"Guizhou Xinzhanxin Agricultural Technology Co., Ltd.",Transport,ARR,AR-ACM0003,Withdrawn,United Kingdom,"607,596",Europe,11/02/2021,15/03/2016,14/03/2046
2297,REDD+ Project Pueblos indígenas resguardando la selva,Multiple Proponents,Carbon Capture and Storage,REDD,VM0015,Registered,United Kingdom,"2,365,816",Europe,12/07/2024,31/12/2016,30/12/2026
2293,NIHT Topaiyo REDD +,NIHT Inc.,Renewable Energy,REDD,VM0009,Late to verify,United Kingdom,"2,262,521",Europe,30/09/2020,01/06/2017,31/05/2047
2290,BLUE CARBON PROJECT GULF OF MORROSQUILLO “VIDA MANGLAR”,Conservation International Foundation,Agriculture Forestry and Other Land Use,REDD,VM0007,Registered,United Kingdom,"31,310",Europe,06/05/2021,15/05/2015,14/05/2045
2278,The Jaguar Amazon REDD+ Project,Multiple Proponents,Manufacturing Industries,REDD,VM0006,Registered,United Kingdom,"3,751,851",Europe,12/03/2021,01/01/2018,31/12/2057
1339,Renencom Afforestation/Reforestation Grouped Project,Renencom,Energy Demand,ARR,AR-AMS0007,Late to verify,United Kingdom,66,Europe,23/02/2015,22/12/2010,21/12/2030
1071,Jatropha Agroforestry Senegal,African National Oil Corporation s.a.r.l.,Renewable Energy,ARR,AR-ACM0003,Late to verify,United Kingdom,"1,742",Europe,06/04/2020,03/06/2009,02/06/2034
605,Protection of a Tasmanian native forest - Project 1 - REDD Forests Pilot,Multiple Proponents,Energy Demand,REDD,VM0010,Late to verify,United Kingdom,"4,956",Europe,06/04/2020,13/03/2009,12/03/2034
919,LOWER MISSISSIPPI VALLEY GROUPED AFFORESTATION PROJECT,The Nature Conservancy,Waste Handling and Disposal,ARR; IFM; REDD,AR-ACM0001,Late to verify,United Kingdom,926,Europe,06/04/2020,05/10/2011,04/10/2043
672,"INFAPRO Rehabilitation of logged-over dipterocarp forest in Sabah, Malaysia",Face the Future,Energy Demand,IFM,VM0005,Registered,United Kingdom,"138,013",Europe,06/04/2020,01/01/2007,31/12/2036
2252,Rio Anapu-Pacaja REDD Project,Brazil AgFor LLC,Transport,REDD,VM0015,On Hold - see notification letter,United Kingdom,"938,000",Europe,16/09/2021,01/01/2016,31/12/2045
2088,Mangrove Restoration and Sustainable Development in Myanmar,Worldview International Foundation,Agriculture Forestry and Other Land Use,ARR; WRC,AR-AM0014,Verification approval requested,United Kingdom,"403,831",Europe,01/02/2024,01/09/2020,31/08/2040
2087,Chudu Afforestation Project,"Xichuan Rongda Agriculture and Forestry Co., Ltd",Manufacturing Industries,ARR,AR-ACM0003,Withdrawn,United Kingdom,"668,883",Europe,21/07/2020,01/01/2016,31/12/2035
2085,"Revegetation with fruit trees in North Manica Province, Mozambique",Agrimoz S.a r.l.,Carbon Capture and Storage,ARR,AR-ACM0003,Registered,United Kingdom,"30,799",Europe,15/07/2020,28/05/2015,27/05/2035
2083,Liangdu Afforestation Project,"Guizhou Xinzhanxin Agricultural Technology Co., Ltd.",Energy Demand,ARR,AR-ACM0003,Withdrawn,United Kingdom,"336,390",Europe,27/07/2020,01/01/2016,31/12/2045
2084,"CONSERVATION PROJECT REDD+ SUR DEL META BOSQUES DE PAZ, SUSTENTO DE VIDA",ALLCOT AG,Chemical Industry,REDD,VM0015,Registered,United Kingdom,"374,315",Europe,16/07/2024,01/01/2019,31/12/2048
2250,Delta Blue Carbon – 1,Multiple Proponents,Carbon Capture and Storage,ARR; WRC,VM0033,Registered,United Kingdom,"2,407,629",Europe,20/12/2021,19/02/2015,18/02/2075
2082,Qianbei Afforestation Project,"Guizhou Xinzhanxin Agricultural Technology Co., Ltd.",Waste Handling and Disposal,ARR,AR-ACM0003,Withdrawn,United Kingdom,"708,123",Europe,03/08/2020,01/01/2016,31/12/2044
2249,HENAN FANGCHENG AND TANGHE AFFORESTATION PROJECT,"Beijing Qianyuhui Environmental Technology Co., Ltd.",Carbon Capture and Storage,ARR,AR-ACM0003,On Hold - see notification letter,United Kingdom,"450,033",Europe,23/03/2021,20/10/2015,19/10/2075
2079,Fazenda Nascente do Luar Agroforestry Project,AGROBUSINESS FLORESTAS E PECUARIA LTDA,Chemical Industry,ARR,AR-ACM0003,On Hold - see notification letter,United Kingdom,"22,797",Europe,16/06/2020,20/04/2015,19/04/2045
2070,Guinan Afforestation Project,"Guizhou Baiheng Fertiliser Co., Ltd",Renewable Energy,ARR,AR-ACM0003,Rejected by Administrator,United Kingdom,"645,768",Europe,04/06/2020,01/01/2016,31/12/2044
1969,Carbono Verde AR Project,Amazon Reforestation Consortium.,Agriculture Forestry and Other Land Use,ARR,AR-ACM0003,Withdrawn,United Kingdom,"516,780",Europe,17/12/2020,01/01/2016,31/12/2045
1960,Northern Great Plains Regenerative Grazing Project,"Native, a Public Benefit Corporation",Waste Handling and Disposal,ALM,VM0026,Verification approval requested,United Kingdom,"32,514",Europe,18/03/2022,01/12/2018,30/11/2038
1953,Floresta Verde REDD+ Project,Floresta Verde Serviços Ltda.,Chemical Industry,REDD,VM0015,Registered,United Kingdom,"340,000",Europe,28/09/2020,01/01/2016,31/12/2045
1944,Livelihoods Mount Elgon Project,Livelihoods Fund SICAV SIF,Energy Demand,ALM,VM0017,Registered,United Kingdom,"53,142",Europe,19/04/2024,02/03/2016,01/03/2036
1935,Hubei Hongshan IFM (Conversion of Logged to Protected Forest) Project,"Zhejiang Zhongzheng Forestry Development Co.,Ltd",Agriculture Forestry and Other Land Use,IFM,VM0010,On Hold - see notification letter,United Kingdom,"292,309",Europe,04/06/2020,01/01/2015,31/12/2044
1930,Henan Nanzhao Afforestation Project,"Beijing Pingtouge Forestry Carbon Technology Development Co.,Ltd",Energy Demand,ARR,AR-ACM0003,Withdrawn,United Kingdom,"493,806",Europe,27/05/2020,20/10/2014,19/10/2074
1916,Quebec Forestry Sector Carbon Sequestration Grouped Project Pivot,Multiple Proponents,Chemical Industry,ARR; IFM,VM0034,Registered,United Kingdom,"127,162",Europe,26/04/2021,01/01/2018,31/12/2097
1911,King County Rural Forest Carbon Project,King County Department of Natural Resources and Parks,Waste Handling and Disposal,IFM,VM0012,Verification approval requested,United Kingdom,"9,195",Europe,29/09/2020,01/01/2015,31/12/2114
1900,Makame Savannah REDD,Carbon Tanzania,Chemical Industry,REDD,VM0007,Verification approval requested,United Kingdom,"136,411",Europe,02/10/2020,27/04/2016,26/04/2046
1899,Sumatra Merang Peatland Project (SMPP),Multiple Proponents,Waste Handling and Disposal,ARR; WRC,VM0007,Verification approval requested,United Kingdom,"1,338,569",Europe,04/06/2020,01/01/2016,31/12/2062
1897,Ntakata Mountains REDD,Carbon Tanzania,Transport,REDD,VM0007,Verification approval requested,United Kingdom,"420,200",Europe,22/09/2020,19/05/2017,18/05/2047
1895,Jilin Linjiang Afforestation Project,"Jilin Forest Industry Environmental Technology Co., Ltd.",Manufacturing Industries,ARR,AR-ACM0003,On Hold - see notification letter,United Kingdom,"546,751",Europe,04/08/2020,01/08/2015,31/07/2075
1896,Hunan Northern and Northwestern Area Afforestation Project,"Jilin Forest Industry Environmental Technology Co., Ltd.",Agriculture Forestry and Other Land Use,ARR,AR-ACM0003,On Hold - see notification letter,United Kingdom,"286,518",Europe,03/11/2020,15/05/2017,14/05/2057
1882,REDD+ PROJECT IN THE ALTO HUAYABAMBA CONSERVATION CONCESSION (CCAH),Asociacion Amazonicos por la Amazonía,Agriculture Forestry and Other Land Use,REDD,VM0015,Verification approval requested,United Kingdom,"53,179",Europe,31/07/2019,30/10/2013,29/10/2047
1881,Conservation of Panama Forests - Reduction of GHG Emissions from Deforestation. Grouped Project,Panamanian Pro Carbon Association (Asociación Panameña Pro Carbono. Approcarbono),Agriculture Forestry and Other Land Use,REDD,VM0015,Registered,United Kingdom,"17,170",Europe,12/07/2024,27/10/2016,26/10/2046
1869,"Yagual - Carbon Sequestration Grouped Project for the Restoration, Conservation and Sustainable Production in the Guerrero, Sumapaz and Rabanal Paramo Systems",Société de gestion de projets ECOTIERRA Inc.,Carbon Capture and Storage,ARR,AR-ACM0003,Late to verify,United Kingdom,"13,619",Europe,04/06/2020,19/12/2018,18/12/2048
1866,XinJiang Makit County Afforestation Carbon Sequestration Project,"Makit Base Junlian Cotton Industry Co., Ltd.",Chemical Industry,ARR; IFM; REDD,AR-ACM0003,On Hold - see notification letter,United Kingdom,"90,393",Europe,06/04/2020,10/03/2014,09/03/2054
1864,Puzhen Afforestation Project in Guizhou Province,"Guizhou Baiheng Fertiliser Co., Ltd",Chemical Industry,ARR; IFM; REDD,AR-ACM0003,Rejected by Administrator,United Kingdom,"313,023",Europe,06/04/2020,01/04/2014,31/03/2044
1865,Xiguan Afforestation Project in Guizhou Province,"Guizhou Baiheng Fertiliser Co., Ltd",Carbon Capture and Storage,ARR,AR-ACM0003,Rejected by Administrator,United Kingdom,"388,420",Europe,15/05/2020,01/04/2014,31/03/2044
1052,North Pikounda REDD+,Multiple Proponents,Energy Demand,REDD,VM0011,Registered,United Kingdom,"231,110",Europe,29/10/2013,01/01/2012,31/12/2041
1855,Hechu Afforestation Project in Anhui Province,"Hefei Zhuoya Landscaping Engineering Co., Ltd.",Transport,ARR,AR-ACM0003,Withdrawn,United Kingdom,"469,187",Europe,04/06/2020,22/04/2014,21/04/2034
1847,Qianxinan Afforestation Project in Guizhou Province,"Guizhou Baiheng Fertiliser Co., Ltd",Renewable Energy,ARR,AR-ACM0003,Rejected by Administrator,United Kingdom,"469,669",Europe,06/04/2020,15/04/2014,14/04/2034
920,EDS GREEN CARBON PROJECT,Fideicomiso Forestal Financiero Eucalyptus del Sur,Agriculture Forestry and Other Land Use,ARR,AR-ACM0001,Verification approval requested,United Kingdom,"14,746",Europe,06/04/2020,10/09/2004,09/09/2064
1832,Haidong Afforestation Project,"Qinghai Forestry Ecological Construction and Investment Co., Ltd.",Carbon Capture and Storage,ARR; IFM; REDD,AR-ACM0003,On Hold - see notification letter,United Kingdom,"598,145",Europe,06/04/2020,21/04/2014,20/04/2114
1825,Afforestation Project in Xining City,"Qinghai Forestry Ecological Construction and Investment Co., Ltd.",Waste Handling and Disposal,ARR,AR-ACM0003,On Hold - see notification letter,United Kingdom,"499,982",Europe,06/04/2020,21/04/2014,20/04/2114
1826,Qinghai Afforestation Project,"Qinghai Forestry Ecological Construction and Investment Co., Ltd.",Chemical Industry,ARR; IFM; REDD,AR-ACM0003,On Hold - see notification letter,United Kingdom,"766,948",Europe,06/04/2020,21/04/2014,20/04/2114
922,Plantation Project on wastelands by Sun Plant Agro Limited,Sun Plant Agro Limited,Manufacturing Industries,ARR,AR-AMS0005,Late to verify,United Kingdom,"1,708",Europe,16/11/2012,12/10/2006,11/10/2039
829,Jatropha Curcas grouped project in Mali,Multiple Proponents,Manufacturing Industries,ARR,AR-AMS0004,Late to verify,United Kingdom,3,Europe,29/05/2012,15/06/2007,14/06/2047
1327,Reforestation of deforested land in Madagascar,EcoFormation,Transport,ARR,AR-ACM0003,Late to verify,United Kingdom,"94,452",Europe,07/05/2014,01/03/2011,28/02/2041
1811,Jari/Pará REDD+ Project,Multiple Proponents,Waste Handling and Disposal,REDD,VM0015,Registered,United Kingdom,"525,314",Europe,06/04/2020,08/07/2014,07/07/2044
1806,Riscales REDD+ Project,Consejo Comunitario General Los Riscales.,Waste Handling and Disposal,REDD,VM0007,Registered,United Kingdom,"100,537",Europe,23/05/2025,01/04/2014,31/03/2044
1799,"Forest Management to mitigate climate change in the native community of Bélgica, Madre de Dios Region – Peru",Multiple Proponents,Transport,REDD,VM0015,Rejected by Administrator,United Kingdom,"126,168",Europe,29/03/2022,01/07/2017,30/06/2037
799,Bukaleba Forest Project,Busoga Forestry Co. Ltd (Subsidiary Green Resources),Waste Handling and Disposal,ARR,AR-ACM0001,Registered,United Kingdom,"11,903",Europe,20/03/2012,11/03/2004,10/03/2046
1775,Luangwa Community Forests Project,Multiple Proponents,Carbon Capture and Storage,REDD,VM0009,Registered,United Kingdom,"2,985,650",Europe,30/10/2019,01/05/2015,30/04/2045
1769,"Grouped Project for restoration of degraded lands in Jaguar Corridors, Colombia",Multiple Proponents,Energy Demand,IFM; REDD,VM0005; AR-ACM0003,Late to verify,United Kingdom,"6,835",Europe,30/08/2019,01/09/2015,31/08/2055
1765,Grouped Project for reducing emissions from deforestation and forest degradation-REDD-in the Regional Natural Park:Biological Corridor PNN Purace-PNN Cueva de los Guacharos,Corporación Autónoma Regional del Río Grande de la Magdalena (CORMAGDALENA),Renewable Energy,REDD,VM0015,Verification approval requested,United Kingdom,"117,468",Europe,07/12/2021,08/03/2014,07/03/2044
1748,Southern Cardamom REDD+ Project,"Royal Government of Cambodia (RGC), Ministry of Environment",Renewable Energy,REDD,VM0009,Verification approval requested,United Kingdom,"3,867,568",Europe,06/04/2020,01/01/2015,31/12/2044
1740,Reforestation with Teak  CO2e TEAKMEX,Agropecuaria Santa Genoveva S.A.P.I. de C.V,Carbon Capture and Storage,ARR,AR-ACM0003,Registered,United Kingdom,"25,329",Europe,27/08/2018,30/06/2013,29/06/2049
1718,Inner Mongolia Keyihe IFM (conversion of logged to protected forest) Project,Inner Mongolia Keyihe Forest Industry LLC.,Agriculture Forestry and Other Land Use,IFM,VM0010,On Hold - see notification letter,United Kingdom,"128,563",Europe,06/04/2020,01/01/2013,31/12/2042
1715,Inner Mongolia Wu‘erqihan IFM (conversion of logged to protected forest) Project,Multiple Proponents,Transport,IFM,VM0010,On Hold - see notification letter,United Kingdom,"293,347",Europe,06/04/2020,01/01/2013,31/12/2042
1398,Reducing Emissions from Deforestation and Carbon Enhancement in Xe Pian National Protected Area,Provincial Office of Agriculture and Forestry (PAFO),Transport,REDD,VM0015,Late to verify,United Kingdom,"64,981",Europe,16/11/2017,01/09/2014,31/08/2044
1704,"Agricultural Land Management  project in Beed District, India implemented by Godrej Properties Ltd.",Godrej Properties Ltd,Carbon Capture and Storage,REDD,VM0017,Late to verify,United Kingdom,"33,764",Europe,16/07/2020,28/07/2017,27/07/2037
1695,PAYMENT FOR ENVIRONMENTAL SERVICES SCHEME FOR FOREST MANAGEMENT AND CONSERVATION OF WATER SOURCES IN THE JURISDICTION OF CORPOCHIVOR,Local Environmental Authority of Chivor (CORPOCHIVOR– Corporación Autónoma Regional de Chivor),Transport,REDD,VM0015,Registered,United Kingdom,"1,662",Europe,16/01/2018,11/04/2014,10/04/2044
1764,"Reforestation and Restoration of degraded mangrove lands, sustainable livelihoods and community development in Myanmar",Worldview International Foundation,Renewable Energy,ARR; WRC,AR-AM0014,Registered,United Kingdom,"184,006",Europe,26/06/2017,15/06/2015,14/06/2035
1689,Tumring REDD+ Project,"The Royal Government of Cambodia, Forestry Administration",Chemical Industry,REDD,VM0009,Late to verify,United Kingdom,"378,434",Europe,04/06/2020,01/01/2015,31/12/2044
1686,Agrocortex REDD Project,Agrocortex Madeiras do Acre Agroflorestal Ltda.,Carbon Capture and Storage,REDD,VM0015,Registered,United Kingdom,"483,594",Europe,11/04/2018,01/07/2014,30/06/2044
721,Peri-urban bamboo planting around South African townships,Multiple Proponents,Transport,ARR,AR-AMS0002,Late to verify,United Kingdom,"16,000",Europe,06/04/2020,01/03/2011,28/02/2031
774,Reforestation Across the Lower Mississippi Valley,Dynegy Inc.,Transport,ARR,AR-ACM0001,Late to verify,United Kingdom,"101,874",Europe,06/04/2020,05/04/1999,04/04/2059
839,Bayou Bartholomew Climate Action Project,The Nature Conservancy,Carbon Capture and Storage,ARR,AR-ACM0001,Late to verify,United Kingdom,531,Europe,06/04/2020,09/04/2009,08/04/2073
886,"Reforestation of degraded lands in the Valle California of Patagonia, Chile",Agrícola y Forestal SNP Ltda,Transport,ARR,AR-ACM0001,Late to verify,United Kingdom,"1,193",Europe,06/04/2020,30/04/2010,29/04/2090
987,Reforestation of Degraded Forest Reserves in Ghana,Form Ghana Ltd,Renewable Energy,ARR,AR-AM0003,Registered,United Kingdom,"8,815",Europe,06/04/2020,01/03/2008,29/02/2048
1684,"Mitigation of GHG: Rubber based agro-forestry system for sustainable development and poverty reduction in Pakkading, Bolikhamsay Province, Lao PDR",Lao Thai Hua Rubber Co. Ltd,Manufacturing Industries,ARR,AR-ACM0003,Registered,United Kingdom,"42,497",Europe,16/05/2017,08/07/2008,07/07/2038
1682,Regenerating Colombian Coffee Ecosystems,The PURE PROJECT SAS,Energy Demand,ARR,AR-AMS0007,Registered,United Kingdom,"7,107",Europe,04/06/2020,20/04/2014,19/04/2054
960,Lumin/Eucapine Uruguay Forest Plantations on degraded grasslands under extensive grazing,EUCAPINE S.R.L,Waste Handling and Disposal,ARR,AR-ACM0001,Registered,United Kingdom,"56,019",Europe,04/06/2020,22/02/2006,21/02/2066
961,‘El Arriero ’ Afforestation on degraded grasslands under extensive grazing project,Forestal El Arriero SRL,Waste Handling and Disposal,ARR,AR-ACM0001,Registered,United Kingdom,"18,271",Europe,06/04/2020,30/04/2009,29/04/2109
965,ITAA afforestation on degraded grasslands under extensive grazing,Intercontinental Timber Asociacion Agraria de Responsabilidad Limitada,Manufacturing Industries,REDD,AR-ACM0001,Registered,United Kingdom,"5,451",Europe,06/04/2020,19/12/2007,18/12/2107
898,Fuelling a greener future for farmers in Malawi through the use of Jatropha curcas,Bio Energy Resources Limited (BERL),Carbon Capture and Storage,ARR,AR-ACM0002,Late to verify,United Kingdom,863,Europe,06/04/2020,08/07/2008,07/07/2038
1153,Shade Coffee & Cacao Reforestation Project,Société de gestion de projets ECOTIERRA Inc.,Energy Demand,ARR,AR-ACM0003,Registered,United Kingdom,"1,969,139",Europe,06/04/2020,30/09/2013,29/09/2053
1674,Gilé National Reserve REDD Project,National Mozambican Public Agency for Parks and Reserves Conservation (ANAC),Renewable Energy,REDD,VM0007,Late to verify,United Kingdom,"68,821",Europe,16/11/2020,01/01/2012,31/12/2031
1225,Kenya Agricultural Carbon Project,Vi Agroforestry Programme,Agriculture Forestry and Other Land Use,ALM,VM0017,Late to verify,United Kingdom,"99,004",Europe,06/04/2020,01/07/2009,30/06/2029
1311,"Carbon Emissions Reduction Project in the Corridor Ankeniheny-Zahamena (CAZ) Protected Area, Madagascar","Govt. of Madagascar, Direction Generale des Forets",Chemical Industry,REDD,VM0015,Late to verify,United Kingdom,"1,011,973",Europe,06/04/2020,30/12/2007,29/12/2037
1664,Yunnan Xishuangbanna Improved Forest Management Project,"Xishuangbanna Forestry Bureau of Yunnan province, P.R.China.",Chemical Industry,IFM,VM0010,On Hold - see notification letter,United Kingdom,"68,100",Europe,06/04/2020,01/01/2012,31/12/2031
1663,Fazenda Sao Paulo Afforestation,MARONESE SERVICOS AGRICOLAS E LOCACAO LTDA,Manufacturing Industries,ARR,AR-ACM0003,On Hold - see notification letter,United Kingdom,"19,380",Europe,16/06/2020,01/01/2013,31/12/2032
1654,Fortaleza Ituxi REDD Project,Fazenda Nossa Senhora das Cachoeiras do Ituxi,Chemical Industry,REDD,VM0015,On Hold - see notification letter,United Kingdom,"137,675",Europe,04/06/2020,15/12/2013,14/12/2043
1650,Reduced Emissions from Deforestation and Degradation in Keo Seima Wildlife Sanctuary,"Royal Government of Cambodia (RGC), Ministry of Environment",Transport,REDD,VM0015,Registered,United Kingdom,"1,426,648",Europe,06/04/2020,01/01/2010,31/12/2069
993,"TIST Program in Uganda, VCS 005",Clean Air Action Corporation,Energy Demand,ARR,AR-AMS0001,Registered,United Kingdom,"19,342",Europe,13/03/2013,01/01/2003,31/12/2032
994,"TIST Program in India, VCS-001",Clean Air Action Corporation,Waste Handling and Disposal,ARR,AR-AMS0001,Registered,United Kingdom,"11,047",Europe,13/03/2013,01/01/2004,31/12/2033
995,"TIST Program in Uganda, VCS 006",Clean Air Action Corporation,Agriculture Forestry and Other Land Use,ARR,AR-AMS0001,Registered,United Kingdom,"7,787",Europe,13/03/2013,01/01/2006,31/12/2035
1147,Amazon Rio IFM,Empresa Brasileira de Conservacao de Florestas(EBCF),Manufacturing Industries,IFM,VM0011,Verification approval requested,United Kingdom,"61,238",Europe,04/06/2020,05/06/2013,04/06/2049
1015,"Community-based reforestation project on degraded lands in Uttar Pradesh, India by Indian Farm Forestry Development Co-operative Limited",Indian Farm Forestry Development Co-operative Limited,Transport,ARR,AR-AMS0005,Verification approval requested,United Kingdom,"5,651",Europe,08/10/2013,15/07/2008,14/07/2038
1332,"Reforestation Project in Yingjing County, Sichuan Province",Multiple Proponents,Energy Demand,ARR,AR-ACM0003,On Hold - see notification letter,United Kingdom,"3,365",Europe,22/10/2014,01/04/2011,31/03/2041
899,"TIST Program in Kenya, VCS 006",Clean Air Action Corporation,Carbon Capture and Storage,ARR,AR-AMS0001,Registered,United Kingdom,"233,275",Europe,01/10/2012,01/01/2004,31/12/2033
824,"TIST Program in Uganda, VCS 001",Clean Air Action Corporation,Carbon Capture and Storage,ARR,AR-AMS0001,Late to verify,United Kingdom,"24,348",Europe,22/05/2012,01/01/2003,31/12/2032
825,"TIST Program in Uganda, VCS 002",Clean Air Action Corporation,Energy Demand,ARR,AR-AMS0001,Late to verify,United Kingdom,"4,801",Europe,06/04/2020,01/01/2003,31/12/2032
826,"TIST Program in Uganda, VCS 004",Clean Air Action Corporation,Renewable Energy,ARR,AR-AMS0001,Registered,United Kingdom,"2,958",Europe,22/05/2012,01/01/2003,31/12/2032
827,"TIST Program in Uganda, VCS 003",Clean Air Action Corporation,Energy Demand,ARR,AR-AMS0001,Registered,United Kingdom,"13,112",Europe,23/05/2012,01/01/2003,31/12/2032
1622,REDD+ Project for Caribbean Guatemala: The Conservation Coast,Fundacion para el Ecodesarrollo y la Conservacion [FUNDAECO],Waste Handling and Disposal,REDD,VM0015,Verification approval requested,United Kingdom,"728,161",Europe,04/06/2020,01/04/2012,31/03/2042
689,"Reforestation of degraded land in Chhattisgarh, India",Prakash Industries Limited,Chemical Industry,ARR,AR-ACM0002,Late to verify,United Kingdom,"5,007",Europe,06/04/2020,15/06/2002,14/06/2066
737,"TIST Program in Kenya, VCS 005",Clean Air Action Corporation,Chemical Industry,ARR,AR-AMS0001,Registered,United Kingdom,"86,694",Europe,04/06/2020,01/01/2004,31/12/2033
1113,The Valparaiso Project,Multiple Proponents,Agriculture Forestry and Other Land Use,REDD,VM0007,Registered,United Kingdom,"153,853",Europe,06/04/2020,19/03/2011,18/03/2041
1118,Suruí Forest Carbon Project,Metareilá Association of the Suruí Indigenous P'pl,Waste Handling and Disposal,REDD,VM0015,Late to verify,United Kingdom,"247,460",Europe,06/04/2020,09/06/2009,08/06/2039
1085,EcoPlanet Bamboo Central America - Reforestation Project,"EcoPlanet Bamboo Group, LLC",Energy Demand,ARR,AR-ACM0001,Registered,United Kingdom,"40,815",Europe,06/04/2020,01/06/2011,31/05/2031
1285,New Leaf Carbon Project,Tasmanian Land Conservancy,Energy Demand,IFM; REDD,VM0010,Late to verify,United Kingdom,"43,106",Europe,19/03/2014,20/10/2020,19/10/2030
1343,Kuzuko Lodge Private Game Reserve thicket restoration project,Spekboom Trading (Pty) Ltd,Chemical Industry,ARR,AR-ACM0003,Late to verify,United Kingdom,"44,206",Europe,06/04/2020,01/01/2014,31/12/2067
665,"Multi-Species Reforestation in Mato Grosso, Brazil",Multiple Proponents,Carbon Capture and Storage,ARR,AR-AMS0006,Registered,United Kingdom,"15,512",Europe,06/04/2020,01/11/1999,31/10/2039
796,"Alto Huayabamba: Carbon Dioxide sequestration through reforestation with small-scale farmers in Peru, San Martin Region",The PURE PROJECT SAS,Agriculture Forestry and Other Land Use,ARR,AR-AMS0001,Registered,United Kingdom,"4,844",Europe,06/04/2020,01/04/2008,31/03/2048
738,"Carbon Project in the Emas-Taquari Biodiversity Corridor, Goiás and Mato Grosso do Sul, Brazil",Multiple Proponents,Renewable Energy,ARR,AR-AMS0001,Registered,United Kingdom,"6,870",Europe,06/04/2020,06/12/2010,05/12/2040
607,Darkwoods Forest Carbon Project,Nature Conservancy of Canada,Waste Handling and Disposal,IFM,VM0012,Verification approval requested,United Kingdom,"124,847",Europe,06/04/2020,01/04/2008,31/03/2108
838,Tensas River Basin Project,The Nature Conservancy,Carbon Capture and Storage,ARR,AR-ACM0001,Late to verify,United Kingdom,"1,196",Europe,06/04/2020,16/11/2007,15/11/2077
856,The Chocó-Darién Conservation Corridor REDD Project,Anthrotect S.A.S.,Agriculture Forestry and Other Land Use,REDD,VM0009,Late to verify,United Kingdom,"80,938",Europe,06/04/2020,18/10/2010,17/10/2040
812,Bull Run Overseas Forest Carbon Project,Bull Run Overseas Ltd.,Manufacturing Industries,REDD,VM0007,Late to verify,United Kingdom,"12,315",Europe,06/04/2020,01/01/2009,31/12/2038
904,"Reduced Emissions from Deforestation and Degradation in Community Forests – Oddar Meanchey, Cambodia",Royal Government of Cambodia-Forestry Admin,Waste Handling and Disposal,REDD,VM0006,Late to verify,United Kingdom,"204,792",Europe,06/04/2020,28/02/2008,27/02/2038
1112,The Russas Project,Multiple Proponents,Transport,REDD,VM0007,Registered,United Kingdom,"120,147",Europe,04/06/2020,17/03/2011,16/03/2041
514,Promoting Sustainable Development through Natural Rubber Tree Plantations in Guatemala,Negocios Energeticos de Occidente S.A.,Transport,ARR,AR-ACM0001,Registered,United Kingdom,"46,434",Europe,06/04/2020,01/06/2007,31/05/2049
962,Forteko afforestation on degraded grasslands under extensive grazing,Multiple Proponents,Manufacturing Industries,ARR,AR-ACM0001,Registered,United Kingdom,"55,965",Europe,06/04/2020,31/07/2007,30/07/2107
1168,"Kulera Landscape REDD+ Program for Co-Managed Protected Areas, Malawi",Multiple Proponents,Agriculture Forestry and Other Land Use,REDD,VM0006,Late to verify,United Kingdom,"210,421",Europe,06/04/2020,01/10/2009,30/09/2039
1577,Fujian Yong’an Improved Forest Management Project,"Yong’an Forestry Bureau of Fujian province, P.R.China",Chemical Industry,IFM,VM0010,On Hold - see notification letter,United Kingdom,"57,455",Europe,06/04/2020,01/07/2011,30/06/2031
562,The Kasigau Corridor REDD Project – Phase I Rukinga Sanctuary,Wildlife Works Carbon LLC,Waste Handling and Disposal,REDD,VM0009,Registered,United Kingdom,"251,432",Europe,04/06/2020,01/01/2005,31/12/2034
1395,Bajo Calima y Bahía Málaga (BCBM) REDD+ Project,Multiple Proponents,Chemical Industry,REDD,VM0006,Registered,United Kingdom,"1,050,286",Europe,06/04/2020,26/08/2013,25/08/2043
958,BIOCORREDOR MARTIN SAGRADO REDD+ PROJECT,The PURE PROJECT SAS,Agriculture Forestry and Other Land Use,REDD,VM0015,Verification approval requested,United Kingdom,"219,722",Europe,06/04/2020,01/01/2010,31/12/2049
1571,Manoa REDD+ Project,Multiple Proponents,Waste Handling and Disposal,REDD,VM0015,Verification approval requested,United Kingdom,"2,827,041",Europe,06/04/2020,01/01/2013,31/12/2052
977,RMDLT Portel - Para REDD Project,RMDLT Property Group Ltd.,Manufacturing Industries,REDD,VM0015,On Hold - see notification letter,United Kingdom,"553,273",Europe,06/04/2020,01/01/2009,31/12/2048
1218,"Evio Kuiñaji Ese´Eja Cuana, To Mitigate Climate Change, Madre de Dios - Perú",Multiple Proponents,Waste Handling and Disposal,REDD,VM0007,Registered,United Kingdom,"114,410",Europe,29/04/2020,01/07/2011,30/06/2031
1122,April Salumei Rainforest Community Conservation Project,Rainforest Project Management Limited.,Transport,IFM; REDD,VM0007; VM0010,Verification approval requested,United Kingdom,"1,628,812",Europe,06/04/2020,22/05/2009,21/05/2047
576,"Restoration of degraded areas and reforestation in Cáceres and Cravo Norte, Colombia",Asorpar Ltd.,Waste Handling and Disposal,ARR,AR-AM0005; AR-ACM0003,Registered,United Kingdom,"80,000",Europe,06/04/2020,02/02/2002,01/02/2032
1566,REDD+ Project Resguardo Indigena Unificado Selva de Mataven (RIU SM),Multiple Proponents,Manufacturing Industries,REDD,VM0007,Verification approval requested,United Kingdom,"3,622,352",Europe,08/12/2016,01/01/2013,31/12/2042
1055,Reforesting Degraded Lands in Chile through the use of Mycorrhizal Inoculation,Mikro-Tek Inc.,Waste Handling and Disposal,ARR,AR-ACM0003,Late to verify,United Kingdom,"16,864",Europe,06/04/2020,01/06/2003,31/05/2043
934,The Mai Ndombe REDD+ Project,Wildlife Works Carbon LLC,Renewable Energy,REDD,VM0009,Registered,United Kingdom,"5,671,613",Europe,06/04/2020,14/03/2011,13/03/2041
1390,Carmen del Darién (CDD) REDD+ Project,Multiple Proponents,Renewable Energy,REDD,VM0006,Registered,United Kingdom,"62,400",Europe,06/04/2020,28/01/2014,27/01/2044
142,"Reforestation of degraded grasslands in Uchindile & Mapanda, Tanzania",Green Resources Tanzania Ltd (GRL),Transport,ARR,AR-AM0005,Registered,United Kingdom,"25,000",Europe,06/04/2020,01/01/2002,31/12/2100
875,FLORESTAL SANTA MARIA PROJECT,Caraguá Agronegócios LTDA,Renewable Energy,REDD,VM0007,Registered,United Kingdom,"997,444",Europe,06/04/2020,13/04/2009,12/04/2039
1396,Rio Pepe y ACABA REDD+ Project,Multiple Proponents,Transport,REDD,VM0006,Registered,United Kingdom,"68,454",Europe,06/04/2020,01/12/2014,30/11/2044
1408,Chyulu Hills REDD+ Project,Chyulu Hills Conservation Trust,Agriculture Forestry and Other Land Use,REDD,VM0009,Registered,United Kingdom,"1,100,943",Europe,06/04/2020,19/09/2013,18/09/2043
1400,Concosta REDD+ Project,Concosta Community Council,Energy Demand,REDD,VM0006,Registered,United Kingdom,"333,978",Europe,06/04/2020,18/07/2013,17/07/2043
1389,Acapa -­ Bajo Mira Y Frontera REDD+ Project,Multiple Proponents,Manufacturing Industries,REDD,VM0006,Registered,United Kingdom,"404,786",Europe,09/06/2020,13/11/2013,12/11/2043
1391,SIVIRÚ-USARAGÁ-PIZARRO-PILIZÁ (SUPP) REDD+ Project,Multiple Proponents,Renewable Energy,REDD,VM0006,Registered,United Kingdom,"312,078",Europe,06/04/2020,26/10/2013,25/10/2043
1392,Cajambre REDD+ Project,Consejo Comunitario del Río Cajambre,Transport,REDD,VM0006,Registered,United Kingdom,"297,488",Europe,06/04/2020,14/11/2013,13/11/2043
1399,Mutatá REDD+ Project,Cabildo Mayor Indígena de Mutatá,Renewable Energy,REDD,VM0006,Registered,United Kingdom,"156,476",Europe,06/04/2020,26/06/2013,25/06/2043
1558,"Agroforestry and forest restoration for ecological connectivity, poverty reduction and biodiversity conservation in Cerro San Gil, Caribbean Guatemala",Livelihoods Fund SICAV SIF,Renewable Energy,ARR,AR-ACM0003,Registered,United Kingdom,"51,827",Europe,06/04/2020,09/11/2013,08/11/2043
868,"REDD project in Brazil nut concessions in Madre de Dios, Peru",Bosques Amazónicos,Waste Handling and Disposal,REDD,VM0007,Registered,United Kingdom,"2,086,089",Europe,06/04/2020,01/01/2010,31/12/2040
844,Madre de Dios Amazon REDD+ Project,Multiple Proponents,Carbon Capture and Storage,REDD,VM0007,Registered,United Kingdom,"659,793",Europe,06/04/2020,01/01/2009,31/12/2046
1047,"Carbon Emissions Reduction Project in the Forest Corridor Ambositra-Vondrozo (COFAV), Madagascar","Govt. of Madagascar, Direction Generale des Forets",Manufacturing Industries,REDD,VM0015,Late to verify,United Kingdom,"220,965",Europe,06/04/2020,01/11/2007,31/10/2037
1340,Bale Mountains Eco-region REDD+ project,Oromia Forest and Wildlife Enterprise,Waste Handling and Disposal,REDD,VM0015,Registered,United Kingdom,"1,288,821",Europe,25/07/2017,01/01/2012,31/12/2031
1133,Yacumama Forest Carbon Project,YACUMAMA S.R.L.,Manufacturing Industries,REDD,VM0007,Verification approval requested,United Kingdom,"51,013",Europe,06/04/2020,01/01/2012,31/12/2041
1094,Ecomapua Amazon REDD Project,Multiple Proponents,Transport,REDD,VM0015,On Hold - see notification letter,United Kingdom,"72,338",Europe,06/04/2020,01/01/2003,31/12/2032
1543,Bosques del Uruguay Afforestation through High Quality Timber in Grasslands Project,Agroempresa Forestal S.A.,Manufacturing Industries,ARR,AR-ACM0003,Registered,United Kingdom,"11,499",Europe,17/08/2017,30/05/2012,29/05/2072
1542,Yunnan Kunming Liangqu Improved Forest Management Project,"Kunming Yuming Investment Development Co., Ltd.",Energy Demand,IFM,VM0010,On Hold - see notification letter,United Kingdom,"54,734",Europe,06/04/2020,01/04/2011,31/03/2031
1541,Lacandon – Forest for life REDD+ Project,Multiple Proponents,Waste Handling and Disposal,REDD,VM0015,Registered,United Kingdom,"238,875",Europe,06/04/2020,01/02/2012,31/01/2042
1538,ECO2 Rubber Forests Guatemala,"Negocios Energeticos De Occidente, S.A.",Transport,ARR,AR-ACM0003,Verification approval requested,United Kingdom,"28,033",Europe,06/09/2016,31/05/2011,30/05/2067
1384,Reduced Emissions from Avoided Deforestation in the Multiple Use Zone of the Maya Biosphere Reserve in Guatemala (GuateCarbon),Consejo Nacional de Áreas Protegidas (CONAP),Renewable Energy,REDD,VM0015,Late to verify,United Kingdom,"1,385,971",Europe,06/04/2020,30/01/2012,29/01/2042
1326,Laguna Seca Forest Carbon Project,The Nature Conservancy,Renewable Energy,REDD,VM0007,Registered,United Kingdom,"255,935",Europe,11/04/2016,01/01/2011,31/12/2040
1532,COMACO Landscape Management Project,Community Markets for Conservation (COMACO),Agriculture Forestry and Other Land Use,REDD,VM0015; VM0017,Verification approval requested,United Kingdom,"122,047",Europe,06/04/2020,01/07/2012,30/06/2032
1530,Grouped Project for Commercial Forest Plantations Initiatives in the Department of Vichada,Multiple Proponents,Renewable Energy,ARR,AR-ACM0003,Registered,United Kingdom,"39,506",Europe,06/04/2020,01/08/2011,31/07/2041
1529,Inner Mongolia Chao’er Improved Forest Management Project,Chaoer Forest Bureau of Inner Mongolia Autonomous Region,Chemical Industry,IFM,VM0010,On Hold - see notification letter,United Kingdom,"90,035",Europe,06/04/2020,01/01/2010,31/12/2029
1377,Lock Haven Improved Forest Management Project,Lock Haven City Authority,Agriculture Forestry and Other Land Use,IFM,VM0003,Registered,United Kingdom,"6,384",Europe,06/04/2020,10/10/2013,09/10/2113
1141,Fresh Breeze Afforestation Project,Proteak UNO S.A.B. de C.V.,Carbon Capture and Storage,ARR,AR-ACM0003,Registered,United Kingdom,"171,808",Europe,06/04/2020,01/07/2009,30/06/2059
1115,JARI/AMAPÁ REDD+ PROJECT,Multiple Proponents,Carbon Capture and Storage,REDD,VM0015,Registered,United Kingdom,"115,009",Europe,06/04/2020,14/02/2011,13/02/2041
996,"TIST Program in Kenya, VCS 009",Clean Air Action Corporation,Transport,ARR,AR-AMS0001,Registered,United Kingdom,"88,163",Europe,13/03/2013,01/01/2004,31/12/2033
595,"TIST Program in Kenya, VCS 002",Clean Air Action Corporation,Energy Demand,ARR,AR-AMS0001,Registered,United Kingdom,"13,663",Europe,12/04/2011,01/01/2004,31/12/2033
594,"TIST Program in Kenya, VCS 001",Clean Air Action Corporation,Energy Demand,ARR,AR-ACM0001,Registered,United Kingdom,"14,701",Europe,12/04/2011,01/01/2004,31/12/2033
597,"TIST Program in Kenya, VCS 004",Clean Air Action Corporation,Renewable Energy,ARR,AR-AMS0001,Registered,United Kingdom,"13,790",Europe,12/04/2011,01/01/2004,31/12/2033
596,"TIST Program in Kenya, VCS 003",Clean Air Action Corporation,Waste Handling and Disposal,ARR,AR-ACM0001,Registered,United Kingdom,"14,482",Europe,12/04/2011,01/01/2004,31/12/2033
1325,Village Climate Solutions,Village Climate Solutions Limited,Energy Demand,REDD,VM0015,Verification approval requested,United Kingdom,"350,721",Europe,21/12/2015,21/04/2012,20/04/2064
1215,The Makira Forest Protected Area in Madagascar,The Wildlife Conservation Society (WCS),Agriculture Forestry and Other Land Use,REDD,VM0007,Late to verify,United Kingdom,"1,267,231",Europe,06/04/2020,01/01/2005,31/12/2034
673,Natural High Forest Rehabilitation Project on degraded land of Kibale National Park,PRIMAKLIMA e.V.,Renewable Energy,ARR,AR-ACM0001,Registered,United Kingdom,"74,181",Europe,06/04/2020,01/01/2009,31/12/2068
612,The Kasigau Corridor REDD Project - Phase II The Community Ranches,Wildlife Works Carbon LLC,Transport,REDD,VM0009,Registered,United Kingdom,"1,461,479",Europe,04/06/2020,01/01/2010,31/12/2039
1403,"The Paraguay Forest Conservation Project – Reduction of GHG Emissions from Deforestation and Forest Degradation in the Parana Atlantic Ecosystem – Forest Protection in the La Amistad Community, San Rafael",Swire Pacific Offshore Operations (Pte) Ltd. (SPO),Agriculture Forestry and Other Land Use,REDD,VM0007,Registered,United Kingdom,"1,265",Europe,06/04/2020,31/10/2010,30/10/2030
1503,RESEX Rio Preto-Jacundá REDD+ Project,Multiple Proponents,Carbon Capture and Storage,REDD,VM0015,Verification approval requested,United Kingdom,"151,801",Europe,14/06/2016,01/10/2012,30/09/2042
963,The Purus Project,Multiple Proponents,Transport,REDD,VM0007,Registered,United Kingdom,"89,868",Europe,04/06/2020,23/05/2011,22/05/2041
1201,Gola REDD project,Gola Rainforest Conservation LG,Transport,REDD,VM0007,Verification approval requested,United Kingdom,"498,667",Europe,11/04/2015,01/08/2012,31/07/2042
832,Cikel Brazilian Amazon REDD APD Project   Avoiding Planned Deforestation,CBNS NEGÓCIOS FLORESTAIS S/A,Agriculture Forestry and Other Land Use,REDD,VM0007,Registered,United Kingdom,"370,000",Europe,06/04/2020,19/07/2007,18/07/2027
1414,Sustainable Climate-Friendly Coffee (CO2 Coffee),Multiple Proponents,Agriculture Forestry and Other Land Use,ARR,AR-AM0007,Late to verify,United Kingdom,"4,337",Europe,06/04/2020,13/06/2013,12/06/2043
953,The Paraguay Forest Conservation Project - Reduction of GHG emissions from deforestation and forest degradation in the Chaco-Pantanal ecosystem,Swire Pacific Offshore Operations (Pte) Ltd. (SPO),Carbon Capture and Storage,REDD,VM0007,Registered,United Kingdom,"12,784",Europe,06/04/2020,25/02/2011,24/02/2031
981,Pacajai REDD+ Project,Avoided Deforestation Project (Manaus) Limited (“A,Manufacturing Industries,REDD,VM0015,On Hold - see notification letter,United Kingdom,"264,116",Europe,06/04/2020,01/01/2009,31/12/2048
818,Protection of the Bolivian Amazon Forest,Fermin Aldabe,Agriculture Forestry and Other Land Use,REDD,VM0007,Late to verify,United Kingdom,"5,885",Europe,06/04/2020,20/10/2011,19/10/2041
1496,Jubilación Segura : Agroforestry And Reforestation With Smallscale Farmers in Peru,The PURE PROJECT SAS,Manufacturing Industries,ARR,AR-AMS0007,Registered,United Kingdom,"36,439",Europe,06/04/2020,01/01/2010,31/12/2069
1318,Livelihoods' mangrove restoration grouped project in Senegal,Livelihoods Fund SICAV SIF,Carbon Capture and Storage,ARR,AR-AM0014,Registered,United Kingdom,"30,000",Europe,06/04/2020,31/07/2009,30/07/2039
1493,"Mangrove restoration and coastal greenbelt protection in the East coast of Aceh and North Sumatra Province, Indonesia",Livelihoods Fund SICAV SIF,Transport,ARR,AR-AM0014,Late to verify,United Kingdom,"124,706",Europe,06/04/2020,14/06/2011,13/06/2031
674,Rimba Raya Biodiversity Reserve Project,InfiniteEARTH,Waste Handling and Disposal,REDD,VM0004,Late to verify,United Kingdom,"3,527,171",Europe,06/04/2020,01/07/2009,30/06/2039
1477,Katingan Peatland Restoration and Conservation Project,PT. Rimba Makmur Utama (PT. RMU),Energy Demand,REDD; WRC,VM0007,Verification approval requested,United Kingdom,"7,125,679",Europe,06/04/2020,01/11/2010,31/10/2070
1468,Northern Kenya Grassland Carbon Project,Northern Rangelands Trust,Transport,ALM,VM0032,On Hold - see notification letter,United Kingdom,"1,797,493",Europe,05/05/2020,01/01/2013,31/12/2042
1463,India Sundarbans Mangrove Restoration,Livelihoods Fund SICAV SIF,Agriculture Forestry and Other Land Use,ARR,AR-AM0014,Registered,United Kingdom,"51,249",Europe,06/04/2020,28/09/2010,27/09/2030
1060,Bethlehem Authority Improved Forest Management Project,Bethlehem Authority,Chemical Industry,IFM,VM0003,Registered,United Kingdom,"21,770",Europe,06/04/2020,29/05/2012,28/05/2112
1233,Reforestation with Rubber on degraded lands of Colombia,NACOBENA SAS,Waste Handling and Disposal,ARR,AR-ACM0003,Withdrawn,United Kingdom,"38,946",Europe,26/08/2020,20/12/2011,19/12/2046
1361,Reforestation Project in Qinghai Province 2012,Multiple Proponents,Energy Demand,ARR,AR-ACM0003,On Hold - see notification letter,United Kingdom,"6,708",Europe,25/06/2015,01/04/2012,31/03/2042
985,Cordillera Azul National Park REDD Project,"CIMA, Cordillera Azul",Chemical Industry,REDD,VM0007,Registered,United Kingdom,"1,575,268",Europe,06/04/2020,08/08/2008,07/08/2028
902,KARIBA REDD+ PROJECT,Carbon Green Investments (Guernsey),Energy Demand,ARR; REDD,VM0009,Withdrawn,United Kingdom,"6,550,464",Europe,04/06/2020,01/07/2011,30/06/2041
1367,EFM Improved Forest Management Group Project,"EFM Investments & Advisory, Inc.",Energy Demand,IFM,VM0003,Verification approval requested,United Kingdom,"5,001",Europe,06/04/2020,23/02/2010,22/02/2040
1378,"Forestry Project for the Basin of the Chinchina River, an Environmental and Productive Alternative for the City and the Region",Multiple Proponents,Chemical Industry,ARR,AR-ACM0003,Late to verify,United Kingdom,"12,189",Europe,06/04/2020,04/06/2002,03/06/2042
944,Alto Mayo Conservation Initiative,Conservation International Foundation,Waste Handling and Disposal,REDD,VM0015,Registered,United Kingdom,"515,268",Europe,06/04/2020,15/06/2008,14/06/2028
959,‘Guanaré’ Forest Plantations on degraded grasslands under extensive grazing,Guanaré S.A.,Waste Handling and Disposal,ARR,AR-ACM0001,Registered,United Kingdom,"127,416",Europe,06/04/2020,24/04/2006,23/04/2066
1360,Forest Management to reduce deforestation and degradation in Shipibo Conibo and Cacataibo Indigenous communities of Ucayali region,Multiple Proponents,Waste Handling and Disposal,REDD,VM0015,Verification approval request denied,United Kingdom,"564,818",Europe,06/04/2020,01/01/2021,31/12/2040
1202,LOWER ZAMBEZI REDD+ PROJECT,BioCarbon Partners,Manufacturing Industries,REDD,VM0009,Registered,United Kingdom,"189,117",Europe,06/04/2020,01/10/2009,30/09/2039
1317,Reforestation Grouped Project at Pratigi Environmental Protection Area,Multiple Proponents,Renewable Energy,ARR,AR-AMS0007,Registered,United Kingdom,"1,636",Europe,06/04/2020,01/05/2011,30/04/2111
1397,Reforestation of pasture lands on the Peruvian Northern Andes – “Forestry PRODICOM” Grouped Project,Multiple Proponents,Transport,ARR,AR-AMS0007,Late to verify,United Kingdom,"39,551",Europe,06/04/2020,01/03/2015,28/02/2050
872,Afognak Forest Carbon Project,ClimeCo LLC,Chemical Industry,IFM,VM0012,Verification approval requested,United Kingdom,"40,451",Europe,06/04/2020,01/01/2006,31/12/2035
1359,Isangi REDD+ Project,"SAFBOIS, SPRL",Agriculture Forestry and Other Land Use,REDD,VM0006,Withdrawn,United Kingdom,"324,534",Europe,06/04/2020,12/09/2009,11/09/2039
1382,"The Envira Amazonia Project - A Tropical Forest Conservation Project in Acre, Brazil",Multiple Proponents,Energy Demand,REDD,VM0007,Verification approval requested,United Kingdom,"1,259,646",Europe,06/04/2020,02/08/2012,01/08/2042
1329,Maísa REDD+ Project,Multiple Proponents,Waste Handling and Disposal,REDD,VM0015,Inactive,United Kingdom,"67,458",Europe,06/04/2020,21/05/2012,20/05/2042
720,Tree Planting in South African townships,Food and Trees for Africa (FTFA),Waste Handling and Disposal,ARR,AR-AM0002,Late to verify,United Kingdom,9,Europe,06/04/2020,01/09/2011,31/08/2051
1351,Planting for the Future: Financially sustainable agroforestry systems and payments for ecosystem services,Plant your Future,Carbon Capture and Storage,ARR,AR-ACM0003,Registered,United Kingdom,719,Europe,17/03/2015,16/01/2012,15/01/2042
1429,Recovery of degraded areas with agroforestry systems in Colombia,Multiple Proponents,Carbon Capture and Storage,ARR,AR-ACM0003,Late to verify,United Kingdom,746,Europe,04/11/2015,16/01/2012,15/01/2112
1067,Reduction of deforestation and degradation in Tambopata National Reserve and Bahuaja-Sonene National Park within the area of Madre de Dios region –Peru,Asociación para la Investigación y Desarrollo Integral – AIDER,Transport,REDD,VM0007,Registered,United Kingdom,"457,750",Europe,06/04/2020,01/07/2010,30/06/2030
647,Boden Creek Ecological Preserve Forest Carbon Project,Boden Creek Ecological Preserve,Waste Handling and Disposal,REDD,VM0007,Late to verify,United Kingdom,"57,718",Europe,06/04/2020,01/01/2005,31/12/2029
